text,primary_emotion,intensity,emoji_1,emoji_2,emoji_3,source,created_at,confidence,augmentation_type
ChÃºc má»«ng báº¡n Ä‘áº­u tuyá»ƒn dá»¥ng!,joy,5,ğŸ˜Š,ğŸ‰,ğŸ¥³,manual,2026-01-09T05:27:58.571845,1.0,original
ChÃºc hÃ¢n hoan báº¡n Ä‘áº­u tuyá»ƒn dá»¥ng!,joy,5,ğŸ˜Š,ğŸ‰,ğŸ¥³,augmented,2026-01-09T05:27:58.571845,0.95,synonym
ChÃºc vui má»«ng báº¡n Ä‘áº­u tuyá»ƒn dá»¥ng!,joy,5,ğŸ˜Š,ğŸ‰,ğŸ¥³,augmented,2026-01-09T05:27:58.571845,0.95,synonym
ChÃºc hÃ¢n hoan báº¡n Ä‘áº­u tuyá»ƒn dá»¥ng!,joy,5,ğŸ˜Š,ğŸ‰,ğŸ¥³,augmented,2026-01-09T05:27:58.571845,0.95,synonym
ChÃºc hÃ¢n hoan báº¡n Ä‘áº­u tuyá»ƒn dá»¥ng!,joy,5,ğŸ˜Š,ğŸ‰,ğŸ¥³,augmented,2026-01-09T05:27:58.571845,0.95,synonym
ChÃºc hÃ¢n hoan báº¡n Ä‘áº­u tuyá»ƒn dá»¥ng!,joy,5,ğŸ˜Š,ğŸ‰,ğŸ¥³,augmented,2026-01-09T05:27:58.571845,0.95,synonym
ChÃºc vui má»«ng báº¡n Ä‘áº­u tuyá»ƒn dá»¥ng!,joy,5,ğŸ˜Š,ğŸ‰,ğŸ¥³,augmented,2026-01-09T05:27:58.571845,0.95,synonym
ChÃºc vui má»«ng báº¡n Ä‘áº­u tuyá»ƒn dá»¥ng!,joy,5,ğŸ˜Š,ğŸ‰,ğŸ¥³,augmented,2026-01-09T05:27:58.571845,0.95,synonym
ChÃºc hÃ¢n hoan báº¡n Ä‘áº­u tuyá»ƒn dá»¥ng!,joy,5,ğŸ˜Š,ğŸ‰,ğŸ¥³,augmented,2026-01-09T05:27:58.571845,0.95,synonym
ChÃºc pháº¥n khá»Ÿi báº¡n Ä‘áº­u tuyá»ƒn dá»¥ng!,joy,5,ğŸ˜Š,ğŸ‰,ğŸ¥³,augmented,2026-01-09T05:27:58.571845,0.95,synonym
ChÃºc hÃ¢n hoan báº¡n Ä‘áº­u tuyá»ƒn dá»¥ng!,joy,5,ğŸ˜Š,ğŸ‰,ğŸ¥³,augmented,2026-01-09T05:27:58.571845,0.95,synonym
HÃ´m nay lÃ  ngÃ y tuyá»‡t vá»i!,joy,4,ğŸ˜„,âœ¨,ğŸŒŸ,manual,2026-01-09T05:27:58.571860,1.0,original
HÃ´m ráº¥t nay lÃ  ngÃ y tuyá»‡t vá»i!,joy,5,ğŸ˜„,âœ¨,ğŸŒŸ,augmented,2026-01-09T05:27:58.571860,0.9,intensity
Cáº£m Æ¡n báº¡n nhiá»u láº¯m!,joy,4,ğŸ˜Š,ğŸ™,â¤ï¸,manual,2026-01-09T05:27:58.571864,1.0,original
Cáº£m ráº¥t Æ¡n báº¡n nhiá»u láº¯m!,joy,5,ğŸ˜Š,ğŸ™,â¤ï¸,augmented,2026-01-09T05:27:58.571864,0.9,intensity
MÃ¬nh vui quÃ¡!,joy,5,ğŸ˜,ğŸŠ,ğŸ’«,manual,2026-01-09T05:27:58.571866,1.0,original
MÃ¬nh hÃ o há»©ng quÃ¡!,joy,5,ğŸ˜,ğŸŠ,ğŸ’«,augmented,2026-01-09T05:27:58.571866,0.95,synonym
MÃ¬nh hÃ o há»©ng quÃ¡!,joy,5,ğŸ˜,ğŸŠ,ğŸ’«,augmented,2026-01-09T05:27:58.571866,0.95,synonym
MÃ¬nh hÃ o há»©ng quÃ¡!,joy,5,ğŸ˜,ğŸŠ,ğŸ’«,augmented,2026-01-09T05:27:58.571866,0.95,synonym
MÃ¬nh hÃ o há»©ng quÃ¡!,joy,5,ğŸ˜,ğŸŠ,ğŸ’«,augmented,2026-01-09T05:27:58.571866,0.95,synonym
MÃ¬nh háº¡nh phÃºc quÃ¡!,joy,5,ğŸ˜,ğŸŠ,ğŸ’«,augmented,2026-01-09T05:27:58.571866,0.95,synonym
MÃ¬nh hÃ o há»©ng quÃ¡!,joy,5,ğŸ˜,ğŸŠ,ğŸ’«,augmented,2026-01-09T05:27:58.571866,0.95,synonym
MÃ¬nh pháº¥n khá»Ÿi quÃ¡!,joy,5,ğŸ˜,ğŸŠ,ğŸ’«,augmented,2026-01-09T05:27:58.571866,0.95,synonym
MÃ¬nh hÃ o há»©ng quÃ¡!,joy,5,ğŸ˜,ğŸŠ,ğŸ’«,augmented,2026-01-09T05:27:58.571866,0.95,synonym
MÃ¬nh pháº¥n khá»Ÿi quÃ¡!,joy,5,ğŸ˜,ğŸŠ,ğŸ’«,augmented,2026-01-09T05:27:58.571866,0.95,synonym
MÃ¬nh hÃ o há»©ng quÃ¡!,joy,5,ğŸ˜,ğŸŠ,ğŸ’«,augmented,2026-01-09T05:27:58.571866,0.95,synonym
Tháº­t tuyá»‡t vá»i!,joy,4,ğŸ¤©,ğŸ‘,âœ¨,manual,2026-01-09T05:27:58.571868,1.0,original
Tháº­t ráº¥t tuyá»‡t vá»i!,joy,5,ğŸ¤©,ğŸ‘,âœ¨,augmented,2026-01-09T05:27:58.571868,0.9,intensity
Cuá»‘i cÃ¹ng cÅ©ng xong!,joy,4,ğŸ˜Œ,ğŸ‰,ğŸ’ª,manual,2026-01-09T05:27:58.571870,1.0,original
Cuá»‘i ráº¥t cÃ¹ng cÅ©ng xong!,joy,5,ğŸ˜Œ,ğŸ‰,ğŸ’ª,augmented,2026-01-09T05:27:58.571870,0.9,intensity
ÄÆ°á»£c nghá»‰ phÃ©p rá»“i!,joy,4,ğŸ˜Š,ğŸ–ï¸,ğŸŠ,manual,2026-01-09T05:27:58.571872,1.0,original
ÄÆ°á»£c ráº¥t nghá»‰ phÃ©p rá»“i!,joy,5,ğŸ˜Š,ğŸ–ï¸,ğŸŠ,augmented,2026-01-09T05:27:58.571872,0.9,intensity
LÆ°Æ¡ng thÃ¡ng nÃ y tÄƒng!,joy,5,ğŸ¤‘,ğŸ’°,ğŸ‰,manual,2026-01-09T05:27:58.571874,1.0,original
Con Ä‘á»— Ä‘áº¡i há»c rá»“i máº¹ Æ¡i!,joy,5,ğŸ˜­,ğŸ“,ğŸ‰,manual,2026-01-09T05:27:58.571876,1.0,original
Ä‚n má»«ng thÃ´i!,joy,4,ğŸ‰,ğŸ»,ğŸ¥³,manual,2026-01-09T05:27:58.571879,1.0,original
Ä‚n hÃ¢n hoan thÃ´i!,joy,4,ğŸ‰,ğŸ»,ğŸ¥³,augmented,2026-01-09T05:27:58.571879,0.95,synonym
Ä‚n vui má»«ng thÃ´i!,joy,4,ğŸ‰,ğŸ»,ğŸ¥³,augmented,2026-01-09T05:27:58.571879,0.95,synonym
Ä‚n vui má»«ng thÃ´i!,joy,4,ğŸ‰,ğŸ»,ğŸ¥³,augmented,2026-01-09T05:27:58.571879,0.95,synonym
Ä‚n vui má»«ng thÃ´i!,joy,4,ğŸ‰,ğŸ»,ğŸ¥³,augmented,2026-01-09T05:27:58.571879,0.95,synonym
Ä‚n vui má»«ng thÃ´i!,joy,4,ğŸ‰,ğŸ»,ğŸ¥³,augmented,2026-01-09T05:27:58.571879,0.95,synonym
Ä‚n pháº¥n khá»Ÿi thÃ´i!,joy,4,ğŸ‰,ğŸ»,ğŸ¥³,augmented,2026-01-09T05:27:58.571879,0.95,synonym
Ä‚n vui má»«ng thÃ´i!,joy,4,ğŸ‰,ğŸ»,ğŸ¥³,augmented,2026-01-09T05:27:58.571879,0.95,synonym
Ä‚n hÃ¢n hoan thÃ´i!,joy,4,ğŸ‰,ğŸ»,ğŸ¥³,augmented,2026-01-09T05:27:58.571879,0.95,synonym
Ä‚n pháº¥n khá»Ÿi thÃ´i!,joy,4,ğŸ‰,ğŸ»,ğŸ¥³,augmented,2026-01-09T05:27:58.571879,0.95,synonym
Ä‚n pháº¥n khá»Ÿi thÃ´i!,joy,4,ğŸ‰,ğŸ»,ğŸ¥³,augmented,2026-01-09T05:27:58.571879,0.95,synonym
Ä‚n ráº¥t má»«ng thÃ´i!,joy,5,ğŸ‰,ğŸ»,ğŸ¥³,augmented,2026-01-09T05:27:58.571879,0.9,intensity
Vui ghÃª!,joy,3,ğŸ˜Š,ğŸ˜„,ğŸ™‚,manual,2026-01-09T05:27:58.571880,1.0,original
hÃ o há»©ng ghÃª!,joy,3,ğŸ˜Š,ğŸ˜„,ğŸ™‚,augmented,2026-01-09T05:27:58.571880,0.95,synonym
háº¡nh phÃºc ghÃª!,joy,3,ğŸ˜Š,ğŸ˜„,ğŸ™‚,augmented,2026-01-09T05:27:58.571880,0.95,synonym
sung sÆ°á»›ng ghÃª!,joy,3,ğŸ˜Š,ğŸ˜„,ğŸ™‚,augmented,2026-01-09T05:27:58.571880,0.95,synonym
sung sÆ°á»›ng ghÃª!,joy,3,ğŸ˜Š,ğŸ˜„,ğŸ™‚,augmented,2026-01-09T05:27:58.571880,0.95,synonym
sung sÆ°á»›ng ghÃª!,joy,3,ğŸ˜Š,ğŸ˜„,ğŸ™‚,augmented,2026-01-09T05:27:58.571880,0.95,synonym
sung sÆ°á»›ng ghÃª!,joy,3,ğŸ˜Š,ğŸ˜„,ğŸ™‚,augmented,2026-01-09T05:27:58.571880,0.95,synonym
hÃ o há»©ng ghÃª!,joy,3,ğŸ˜Š,ğŸ˜„,ğŸ™‚,augmented,2026-01-09T05:27:58.571880,0.95,synonym
háº¡nh phÃºc ghÃª!,joy,3,ğŸ˜Š,ğŸ˜„,ğŸ™‚,augmented,2026-01-09T05:27:58.571880,0.95,synonym
pháº¥n khá»Ÿi ghÃª!,joy,3,ğŸ˜Š,ğŸ˜„,ğŸ™‚,augmented,2026-01-09T05:27:58.571880,0.95,synonym
sung sÆ°á»›ng ghÃª!,joy,3,ğŸ˜Š,ğŸ˜„,ğŸ™‚,augmented,2026-01-09T05:27:58.571880,0.95,synonym
Vui ráº¥t ghÃª!,joy,4,ğŸ˜Š,ğŸ˜„,ğŸ™‚,augmented,2026-01-09T05:27:58.571880,0.9,intensity
CÃ³ tin vui nÃ¨!,joy,4,ğŸ˜Š,âœ¨,ğŸŒˆ,manual,2026-01-09T05:27:58.571882,1.0,original
CÃ³ tin cáº­y vui nÃ¨!,joy,4,ğŸ˜Š,âœ¨,ğŸŒˆ,augmented,2026-01-09T05:27:58.571882,0.95,synonym
CÃ³ tin hÃ o há»©ng nÃ¨!,joy,4,ğŸ˜Š,âœ¨,ğŸŒˆ,augmented,2026-01-09T05:27:58.571882,0.95,synonym
CÃ³ tin pháº¥n khá»Ÿi nÃ¨!,joy,4,ğŸ˜Š,âœ¨,ğŸŒˆ,augmented,2026-01-09T05:27:58.571882,0.95,synonym
CÃ³ tin sung sÆ°á»›ng nÃ¨!,joy,4,ğŸ˜Š,âœ¨,ğŸŒˆ,augmented,2026-01-09T05:27:58.571882,0.95,synonym
CÃ³ tin tÆ°á»Ÿng vui nÃ¨!,joy,4,ğŸ˜Š,âœ¨,ğŸŒˆ,augmented,2026-01-09T05:27:58.571882,0.95,synonym
CÃ³ tin háº¡nh phÃºc nÃ¨!,joy,4,ğŸ˜Š,âœ¨,ğŸŒˆ,augmented,2026-01-09T05:27:58.571882,0.95,synonym
CÃ³ tÆ°á»Ÿng vui nÃ¨!,joy,4,ğŸ˜Š,âœ¨,ğŸŒˆ,augmented,2026-01-09T05:27:58.571882,0.95,synonym
CÃ³ tin cáº­y vui nÃ¨!,joy,4,ğŸ˜Š,âœ¨,ğŸŒˆ,augmented,2026-01-09T05:27:58.571882,0.95,synonym
CÃ³ tin sung sÆ°á»›ng nÃ¨!,joy,4,ğŸ˜Š,âœ¨,ğŸŒˆ,augmented,2026-01-09T05:27:58.571882,0.95,synonym
CÃ³ tin hÃ o há»©ng nÃ¨!,joy,4,ğŸ˜Š,âœ¨,ğŸŒˆ,augmented,2026-01-09T05:27:58.571882,0.95,synonym
CÃ³ ráº¥t tin vui nÃ¨!,joy,5,ğŸ˜Š,âœ¨,ğŸŒˆ,augmented,2026-01-09T05:27:58.571882,0.9,intensity
Buá»“n quÃ¡,sadness,5,ğŸ˜­,ğŸ˜¢,ğŸ’”,manual,2026-01-09T05:27:58.571884,1.0,original
chÃ¡n náº£n quÃ¡,sadness,5,ğŸ˜­,ğŸ˜¢,ğŸ’”,augmented,2026-01-09T05:27:58.571884,0.95,synonym
tháº¥t vá»ng quÃ¡,sadness,5,ğŸ˜­,ğŸ˜¢,ğŸ’”,augmented,2026-01-09T05:27:58.571884,0.95,synonym
tháº¥t vá»ng quÃ¡,sadness,5,ğŸ˜­,ğŸ˜¢,ğŸ’”,augmented,2026-01-09T05:27:58.571884,0.95,synonym
Buá»“n tháº­t,sadness,5,ğŸ˜­,ğŸ˜¢,ğŸ’”,augmented,2026-01-09T05:27:58.571884,0.95,synonym
Buá»“n cá»±c,sadness,5,ğŸ˜­,ğŸ˜¢,ğŸ’”,augmented,2026-01-09T05:27:58.571884,0.95,synonym
Buá»“n ghÃª,sadness,5,ğŸ˜­,ğŸ˜¢,ğŸ’”,augmented,2026-01-09T05:27:58.571884,0.95,synonym
u sáº§u quÃ¡,sadness,5,ğŸ˜­,ğŸ˜¢,ğŸ’”,augmented,2026-01-09T05:27:58.571884,0.95,synonym
Ä‘au buá»“n quÃ¡,sadness,5,ğŸ˜­,ğŸ˜¢,ğŸ’”,augmented,2026-01-09T05:27:58.571884,0.95,synonym
chÃ¡n náº£n quÃ¡,sadness,5,ğŸ˜­,ğŸ˜¢,ğŸ’”,augmented,2026-01-09T05:27:58.571884,0.95,synonym
tháº¥t vá»ng quÃ¡,sadness,5,ğŸ˜­,ğŸ˜¢,ğŸ’”,augmented,2026-01-09T05:27:58.571884,0.95,synonym
MÃ¬nh ráº¥t nhá»› báº¡n,sadness,4,ğŸ˜¢,ğŸ’”,ğŸ¥º,manual,2026-01-09T05:27:58.571886,1.0,original
MÃ¬nh ráº¥t thÆ°Æ¡ng nhá»› báº¡n,sadness,4,ğŸ˜¢,ğŸ’”,ğŸ¥º,augmented,2026-01-09T05:27:58.571886,0.95,synonym
MÃ¬nh ráº¥t thÆ°Æ¡ng nhá»› báº¡n,sadness,4,ğŸ˜¢,ğŸ’”,ğŸ¥º,augmented,2026-01-09T05:27:58.571886,0.95,synonym
MÃ¬nh ráº¥t nhung nhá»› báº¡n,sadness,4,ğŸ˜¢,ğŸ’”,ğŸ¥º,augmented,2026-01-09T05:27:58.571886,0.95,synonym
MÃ¬nh ráº¥t nhung nhá»› báº¡n,sadness,4,ğŸ˜¢,ğŸ’”,ğŸ¥º,augmented,2026-01-09T05:27:58.571886,0.95,synonym
MÃ¬nh vÃ´ cÃ¹ng nhá»› báº¡n,sadness,4,ğŸ˜¢,ğŸ’”,ğŸ¥º,augmented,2026-01-09T05:27:58.571886,0.95,synonym
MÃ¬nh ráº¥t thÆ°Æ¡ng nhá»› báº¡n,sadness,4,ğŸ˜¢,ğŸ’”,ğŸ¥º,augmented,2026-01-09T05:27:58.571886,0.95,synonym
MÃ¬nh siÃªu nhá»› báº¡n,sadness,4,ğŸ˜¢,ğŸ’”,ğŸ¥º,augmented,2026-01-09T05:27:58.571886,0.95,synonym
MÃ¬nh ráº¥t thÆ°Æ¡ng nhá»› báº¡n,sadness,4,ğŸ˜¢,ğŸ’”,ğŸ¥º,augmented,2026-01-09T05:27:58.571886,0.95,synonym
MÃ¬nh ráº¥t thÆ°Æ¡ng nhá»› báº¡n,sadness,4,ğŸ˜¢,ğŸ’”,ğŸ¥º,augmented,2026-01-09T05:27:58.571886,0.95,synonym
MÃ¬nh ráº¥t da diáº¿t báº¡n,sadness,4,ğŸ˜¢,ğŸ’”,ğŸ¥º,augmented,2026-01-09T05:27:58.571886,0.95,synonym
MÃ¬nh cá»±c ká»³ ráº¥t nhá»› báº¡n,sadness,5,ğŸ˜¢,ğŸ’”,ğŸ¥º,augmented,2026-01-09T05:27:58.571886,0.9,intensity
Tháº­t Ä‘Ã¡ng tiáº¿c,sadness,3,ğŸ˜”,ğŸ˜,ğŸ’”,manual,2026-01-09T05:27:58.571888,1.0,original
Tháº­t ráº¥t Ä‘Ã¡ng tiáº¿c,sadness,4,ğŸ˜”,ğŸ˜,ğŸ’”,augmented,2026-01-09T05:27:58.571888,0.9,intensity
HÃ´m nay khÃ´ng vui,sadness,3,ğŸ˜”,â˜¹ï¸,ğŸ˜,manual,2026-01-09T05:27:58.571890,1.0,original
HÃ´m nay khÃ´ng pháº¥n khá»Ÿi,sadness,3,ğŸ˜”,â˜¹ï¸,ğŸ˜,augmented,2026-01-09T05:27:58.571890,0.95,synonym
HÃ´m nay khÃ´ng háº¡nh phÃºc,sadness,3,ğŸ˜”,â˜¹ï¸,ğŸ˜,augmented,2026-01-09T05:27:58.571890,0.95,synonym
HÃ´m nay khÃ´ng sung sÆ°á»›ng,sadness,3,ğŸ˜”,â˜¹ï¸,ğŸ˜,augmented,2026-01-09T05:27:58.571890,0.95,synonym
HÃ´m nay khÃ´ng hÃ o há»©ng,sadness,3,ğŸ˜”,â˜¹ï¸,ğŸ˜,augmented,2026-01-09T05:27:58.571890,0.95,synonym
HÃ´m nay khÃ´ng háº¡nh phÃºc,sadness,3,ğŸ˜”,â˜¹ï¸,ğŸ˜,augmented,2026-01-09T05:27:58.571890,0.95,synonym
HÃ´m nay khÃ´ng háº¡nh phÃºc,sadness,3,ğŸ˜”,â˜¹ï¸,ğŸ˜,augmented,2026-01-09T05:27:58.571890,0.95,synonym
HÃ´m nay khÃ´ng pháº¥n khá»Ÿi,sadness,3,ğŸ˜”,â˜¹ï¸,ğŸ˜,augmented,2026-01-09T05:27:58.571890,0.95,synonym
HÃ´m nay khÃ´ng pháº¥n khá»Ÿi,sadness,3,ğŸ˜”,â˜¹ï¸,ğŸ˜,augmented,2026-01-09T05:27:58.571890,0.95,synonym
HÃ´m nay khÃ´ng sung sÆ°á»›ng,sadness,3,ğŸ˜”,â˜¹ï¸,ğŸ˜,augmented,2026-01-09T05:27:58.571890,0.95,synonym
HÃ´m nay khÃ´ng pháº¥n khá»Ÿi,sadness,3,ğŸ˜”,â˜¹ï¸,ğŸ˜,augmented,2026-01-09T05:27:58.571890,0.95,synonym
HÃ´m ráº¥t nay khÃ´ng vui,sadness,4,ğŸ˜”,â˜¹ï¸,ğŸ˜,augmented,2026-01-09T05:27:58.571890,0.9,intensity
Thi trÆ°á»£t rá»“i,sadness,4,ğŸ˜­,ğŸ˜¢,ğŸ’”,manual,2026-01-09T05:27:58.571892,1.0,original
Thi ráº¥t trÆ°á»£t rá»“i,sadness,5,ğŸ˜­,ğŸ˜¢,ğŸ’”,augmented,2026-01-09T05:27:58.571892,0.9,intensity
Chia tay rá»“i,sadness,5,ğŸ’”,ğŸ˜¢,ğŸ˜­,manual,2026-01-09T05:27:58.571893,1.0,original
Máº¥t viá»‡c rá»“i,sadness,5,ğŸ˜­,ğŸ˜,ğŸ’”,manual,2026-01-09T05:27:58.571895,1.0,original
CÃ´ Ä‘Æ¡n quÃ¡,sadness,4,ğŸ˜¢,ğŸ¥º,ğŸ˜”,manual,2026-01-09T05:27:58.571897,1.0,original
CÃ´ Ä‘Æ¡n láº¯m,sadness,4,ğŸ˜¢,ğŸ¥º,ğŸ˜”,augmented,2026-01-09T05:27:58.571897,0.95,synonym
CÃ´ Ä‘Æ¡n ghÃª,sadness,4,ğŸ˜¢,ğŸ¥º,ğŸ˜”,augmented,2026-01-09T05:27:58.571897,0.95,synonym
CÃ´ Ä‘Æ¡n cá»±c,sadness,4,ğŸ˜¢,ğŸ¥º,ğŸ˜”,augmented,2026-01-09T05:27:58.571897,0.95,synonym
CÃ´ Ä‘Æ¡n cá»±c,sadness,4,ğŸ˜¢,ğŸ¥º,ğŸ˜”,augmented,2026-01-09T05:27:58.571897,0.95,synonym
CÃ´ Ä‘Æ¡n cá»±c,sadness,4,ğŸ˜¢,ğŸ¥º,ğŸ˜”,augmented,2026-01-09T05:27:58.571897,0.95,synonym
CÃ´ Ä‘Æ¡n cá»±c,sadness,4,ğŸ˜¢,ğŸ¥º,ğŸ˜”,augmented,2026-01-09T05:27:58.571897,0.95,synonym
CÃ´ Ä‘Æ¡n ghÃª,sadness,4,ğŸ˜¢,ğŸ¥º,ğŸ˜”,augmented,2026-01-09T05:27:58.571897,0.95,synonym
CÃ´ Ä‘Æ¡n láº¯m,sadness,4,ğŸ˜¢,ğŸ¥º,ğŸ˜”,augmented,2026-01-09T05:27:58.571897,0.95,synonym
CÃ´ Ä‘Æ¡n láº¯m,sadness,4,ğŸ˜¢,ğŸ¥º,ğŸ˜”,augmented,2026-01-09T05:27:58.571897,0.95,synonym
CÃ´ Ä‘Æ¡n tháº­t,sadness,4,ğŸ˜¢,ğŸ¥º,ğŸ˜”,augmented,2026-01-09T05:27:58.571897,0.95,synonym
CÃ´ ráº¥t Ä‘Æ¡n quÃ¡,sadness,5,ğŸ˜¢,ğŸ¥º,ğŸ˜”,augmented,2026-01-09T05:27:58.571897,0.9,intensity
Nhá»› nhÃ ,sadness,4,ğŸ¥º,ğŸ˜¢,ğŸ ,manual,2026-01-09T05:27:58.571899,1.0,original
nhung nhá»› nhÃ ,sadness,4,ğŸ¥º,ğŸ˜¢,ğŸ ,augmented,2026-01-09T05:27:58.571899,0.95,synonym
da diáº¿t nhÃ ,sadness,4,ğŸ¥º,ğŸ˜¢,ğŸ ,augmented,2026-01-09T05:27:58.571899,0.95,synonym
nhung nhá»› nhÃ ,sadness,4,ğŸ¥º,ğŸ˜¢,ğŸ ,augmented,2026-01-09T05:27:58.571899,0.95,synonym
thÆ°Æ¡ng nhá»› nhÃ ,sadness,4,ğŸ¥º,ğŸ˜¢,ğŸ ,augmented,2026-01-09T05:27:58.571899,0.95,synonym
da diáº¿t nhÃ ,sadness,4,ğŸ¥º,ğŸ˜¢,ğŸ ,augmented,2026-01-09T05:27:58.571899,0.95,synonym
nhung nhá»› nhÃ ,sadness,4,ğŸ¥º,ğŸ˜¢,ğŸ ,augmented,2026-01-09T05:27:58.571899,0.95,synonym
thÆ°Æ¡ng nhá»› nhÃ ,sadness,4,ğŸ¥º,ğŸ˜¢,ğŸ ,augmented,2026-01-09T05:27:58.571899,0.95,synonym
da diáº¿t nhÃ ,sadness,4,ğŸ¥º,ğŸ˜¢,ğŸ ,augmented,2026-01-09T05:27:58.571899,0.95,synonym
nhung nhá»› nhÃ ,sadness,4,ğŸ¥º,ğŸ˜¢,ğŸ ,augmented,2026-01-09T05:27:58.571899,0.95,synonym
nhung nhá»› nhÃ ,sadness,4,ğŸ¥º,ğŸ˜¢,ğŸ ,augmented,2026-01-09T05:27:58.571899,0.95,synonym
Nhá»› ráº¥t nhÃ ,sadness,5,ğŸ¥º,ğŸ˜¢,ğŸ ,augmented,2026-01-09T05:27:58.571899,0.9,intensity
Tháº¥t vá»ng quÃ¡,sadness,4,ğŸ˜,ğŸ˜”,ğŸ’”,manual,2026-01-09T05:27:58.571900,1.0,original
Tháº¥t vá»ng ghÃª,sadness,4,ğŸ˜,ğŸ˜”,ğŸ’”,augmented,2026-01-09T05:27:58.571900,0.95,synonym
Tháº¥t vá»ng tháº­t,sadness,4,ğŸ˜,ğŸ˜”,ğŸ’”,augmented,2026-01-09T05:27:58.571900,0.95,synonym
Tháº¥t vá»ng láº¯m,sadness,4,ğŸ˜,ğŸ˜”,ğŸ’”,augmented,2026-01-09T05:27:58.571900,0.95,synonym
Tháº¥t vá»ng tháº­t,sadness,4,ğŸ˜,ğŸ˜”,ğŸ’”,augmented,2026-01-09T05:27:58.571900,0.95,synonym
Tháº¥t vá»ng láº¯m,sadness,4,ğŸ˜,ğŸ˜”,ğŸ’”,augmented,2026-01-09T05:27:58.571900,0.95,synonym
Tháº¥t vá»ng cá»±c,sadness,4,ğŸ˜,ğŸ˜”,ğŸ’”,augmented,2026-01-09T05:27:58.571900,0.95,synonym
Tháº¥t vá»ng ghÃª,sadness,4,ğŸ˜,ğŸ˜”,ğŸ’”,augmented,2026-01-09T05:27:58.571900,0.95,synonym
Tháº¥t vá»ng ghÃª,sadness,4,ğŸ˜,ğŸ˜”,ğŸ’”,augmented,2026-01-09T05:27:58.571900,0.95,synonym
Tháº¥t vá»ng cá»±c,sadness,4,ğŸ˜,ğŸ˜”,ğŸ’”,augmented,2026-01-09T05:27:58.571900,0.95,synonym
Tháº¥t vá»ng tháº­t,sadness,4,ğŸ˜,ğŸ˜”,ğŸ’”,augmented,2026-01-09T05:27:58.571900,0.95,synonym
Tháº¥t ráº¥t vá»ng quÃ¡,sadness,5,ğŸ˜,ğŸ˜”,ğŸ’”,augmented,2026-01-09T05:27:58.571900,0.9,intensity
ChÃ¡n ghÃª,sadness,3,ğŸ˜•,ğŸ˜”,ğŸ˜’,manual,2026-01-09T05:27:58.571902,1.0,original
buá»“n chÃ¡n ghÃª,sadness,3,ğŸ˜•,ğŸ˜”,ğŸ˜’,augmented,2026-01-09T05:27:58.571902,0.95,synonym
nhÃ m ghÃª,sadness,3,ğŸ˜•,ğŸ˜”,ğŸ˜’,augmented,2026-01-09T05:27:58.571902,0.95,synonym
nhÃ m ghÃª,sadness,3,ğŸ˜•,ğŸ˜”,ğŸ˜’,augmented,2026-01-09T05:27:58.571902,0.95,synonym
táº» nháº¡t ghÃª,sadness,3,ğŸ˜•,ğŸ˜”,ğŸ˜’,augmented,2026-01-09T05:27:58.571902,0.95,synonym
nhÃ m ghÃª,sadness,3,ğŸ˜•,ğŸ˜”,ğŸ˜’,augmented,2026-01-09T05:27:58.571902,0.95,synonym
ChÃ¡n dá»… sá»£,sadness,3,ğŸ˜•,ğŸ˜”,ğŸ˜’,augmented,2026-01-09T05:27:58.571902,0.95,synonym
ChÃ¡n kinh,sadness,3,ğŸ˜•,ğŸ˜”,ğŸ˜’,augmented,2026-01-09T05:27:58.571902,0.95,synonym
ChÃ¡n ghÃª tá»Ÿm,sadness,3,ğŸ˜•,ğŸ˜”,ğŸ˜’,augmented,2026-01-09T05:27:58.571902,0.95,synonym
ChÃ¡n dá»… sá»£,sadness,3,ğŸ˜•,ğŸ˜”,ğŸ˜’,augmented,2026-01-09T05:27:58.571902,0.95,synonym
ChÃ¡n dá»… sá»£,sadness,3,ğŸ˜•,ğŸ˜”,ğŸ˜’,augmented,2026-01-09T05:27:58.571902,0.95,synonym
ChÃ¡n ráº¥t ghÃª,sadness,4,ğŸ˜•,ğŸ˜”,ğŸ˜’,augmented,2026-01-09T05:27:58.571902,0.9,intensity
Má»‡t má»i láº¯m,sadness,3,ğŸ˜©,ğŸ˜,ğŸ˜”,manual,2026-01-09T05:27:58.571904,1.0,original
Má»‡t má»i quÃ¡,sadness,3,ğŸ˜©,ğŸ˜,ğŸ˜”,augmented,2026-01-09T05:27:58.571904,0.95,synonym
Má»‡t má»i ghÃª,sadness,3,ğŸ˜©,ğŸ˜,ğŸ˜”,augmented,2026-01-09T05:27:58.571904,0.95,synonym
Má»‡t má»i nhiá»u,sadness,3,ğŸ˜©,ğŸ˜,ğŸ˜”,augmented,2026-01-09T05:27:58.571904,0.95,synonym
Má»‡t má»i quÃ¡,sadness,3,ğŸ˜©,ğŸ˜,ğŸ˜”,augmented,2026-01-09T05:27:58.571904,0.95,synonym
Má»‡t má»i quÃ¡,sadness,3,ğŸ˜©,ğŸ˜,ğŸ˜”,augmented,2026-01-09T05:27:58.571904,0.95,synonym
Má»‡t má»i quÃ¡,sadness,3,ğŸ˜©,ğŸ˜,ğŸ˜”,augmented,2026-01-09T05:27:58.571904,0.95,synonym
Má»‡t má»i nhiá»u,sadness,3,ğŸ˜©,ğŸ˜,ğŸ˜”,augmented,2026-01-09T05:27:58.571904,0.95,synonym
Má»‡t má»i nhiá»u,sadness,3,ğŸ˜©,ğŸ˜,ğŸ˜”,augmented,2026-01-09T05:27:58.571904,0.95,synonym
Má»‡t má»i nhiá»u,sadness,3,ğŸ˜©,ğŸ˜,ğŸ˜”,augmented,2026-01-09T05:27:58.571904,0.95,synonym
Má»‡t má»i quÃ¡,sadness,3,ğŸ˜©,ğŸ˜,ğŸ˜”,augmented,2026-01-09T05:27:58.571904,0.95,synonym
Má»‡t ráº¥t má»i láº¯m,sadness,4,ğŸ˜©,ğŸ˜,ğŸ˜”,augmented,2026-01-09T05:27:58.571904,0.9,intensity
Tá»©c quÃ¡!,anger,5,ğŸ˜ ,ğŸ’¢,ğŸ˜¤,manual,2026-01-09T05:27:58.571905,1.0,original
giáº­n dá»¯ quÃ¡!,anger,5,ğŸ˜ ,ğŸ’¢,ğŸ˜¤,augmented,2026-01-09T05:27:58.571905,0.95,synonym
bá»±c mÃ¬nh quÃ¡!,anger,5,ğŸ˜ ,ğŸ’¢,ğŸ˜¤,augmented,2026-01-09T05:27:58.571905,0.95,synonym
giáº­n dá»¯ quÃ¡!,anger,5,ğŸ˜ ,ğŸ’¢,ğŸ˜¤,augmented,2026-01-09T05:27:58.571905,0.95,synonym
giáº­n dá»¯ quÃ¡!,anger,5,ğŸ˜ ,ğŸ’¢,ğŸ˜¤,augmented,2026-01-09T05:27:58.571905,0.95,synonym
bá»±c mÃ¬nh quÃ¡!,anger,5,ğŸ˜ ,ğŸ’¢,ğŸ˜¤,augmented,2026-01-09T05:27:58.571905,0.95,synonym
bá»±c mÃ¬nh quÃ¡!,anger,5,ğŸ˜ ,ğŸ’¢,ğŸ˜¤,augmented,2026-01-09T05:27:58.571905,0.95,synonym
khÃ³ chá»‹u quÃ¡!,anger,5,ğŸ˜ ,ğŸ’¢,ğŸ˜¤,augmented,2026-01-09T05:27:58.571905,0.95,synonym
giáº­n dá»¯ quÃ¡!,anger,5,ğŸ˜ ,ğŸ’¢,ğŸ˜¤,augmented,2026-01-09T05:27:58.571905,0.95,synonym
khÃ³ chá»‹u quÃ¡!,anger,5,ğŸ˜ ,ğŸ’¢,ğŸ˜¤,augmented,2026-01-09T05:27:58.571905,0.95,synonym
bá»±c mÃ¬nh quÃ¡!,anger,5,ğŸ˜ ,ğŸ’¢,ğŸ˜¤,augmented,2026-01-09T05:27:58.571905,0.95,synonym
Sao láº¡i tháº¿ Ä‘Æ°á»£c!,anger,4,ğŸ˜¡,ğŸ’¢,ğŸ˜¤,manual,2026-01-09T05:27:58.571907,1.0,original
Sao ráº¥t láº¡i tháº¿ Ä‘Æ°á»£c!,anger,5,ğŸ˜¡,ğŸ’¢,ğŸ˜¤,augmented,2026-01-09T05:27:58.571907,0.9,intensity
Bá»±c mÃ¬nh ghÃª!,anger,4,ğŸ˜¤,ğŸ’¢,ğŸ˜ ,manual,2026-01-09T05:27:58.571909,1.0,original
khÃ³ chá»‹u mÃ¬nh ghÃª!,anger,4,ğŸ˜¤,ğŸ’¢,ğŸ˜ ,augmented,2026-01-09T05:27:58.571909,0.95,synonym
tá»©c bá»±c mÃ¬nh ghÃª!,anger,4,ğŸ˜¤,ğŸ’¢,ğŸ˜ ,augmented,2026-01-09T05:27:58.571909,0.95,synonym
bá»±c mÃ¬nh mÃ¬nh ghÃª!,anger,4,ğŸ˜¤,ğŸ’¢,ğŸ˜ ,augmented,2026-01-09T05:27:58.571909,0.95,synonym
bá»±c mÃ¬nh mÃ¬nh ghÃª!,anger,4,ğŸ˜¤,ğŸ’¢,ğŸ˜ ,augmented,2026-01-09T05:27:58.571909,0.95,synonym
tá»©c bá»±c mÃ¬nh ghÃª!,anger,4,ğŸ˜¤,ğŸ’¢,ğŸ˜ ,augmented,2026-01-09T05:27:58.571909,0.95,synonym
bá»±c mÃ¬nh mÃ¬nh ghÃª!,anger,4,ğŸ˜¤,ğŸ’¢,ğŸ˜ ,augmented,2026-01-09T05:27:58.571909,0.95,synonym
khÃ³ chá»‹u mÃ¬nh ghÃª!,anger,4,ğŸ˜¤,ğŸ’¢,ğŸ˜ ,augmented,2026-01-09T05:27:58.571909,0.95,synonym
khÃ³ chá»‹u mÃ¬nh ghÃª!,anger,4,ğŸ˜¤,ğŸ’¢,ğŸ˜ ,augmented,2026-01-09T05:27:58.571909,0.95,synonym
tá»©c bá»±c mÃ¬nh ghÃª!,anger,4,ğŸ˜¤,ğŸ’¢,ğŸ˜ ,augmented,2026-01-09T05:27:58.571909,0.95,synonym
khÃ³ chá»‹u mÃ¬nh ghÃª!,anger,4,ğŸ˜¤,ğŸ’¢,ğŸ˜ ,augmented,2026-01-09T05:27:58.571909,0.95,synonym
Bá»±c ráº¥t mÃ¬nh ghÃª!,anger,5,ğŸ˜¤,ğŸ’¢,ğŸ˜ ,augmented,2026-01-09T05:27:58.571909,0.9,intensity
KhÃ´ng cháº¥p nháº­n Ä‘Æ°á»£c!,anger,5,ğŸ˜¡,ğŸ‘Š,ğŸ’¢,manual,2026-01-09T05:27:58.571911,1.0,original
QuÃ¡ Ä‘Ã¡ng!,anger,4,ğŸ˜ ,ğŸ’¢,ğŸ¤¬,manual,2026-01-09T05:27:58.571912,1.0,original
cá»±c Ä‘Ã¡ng!,anger,4,ğŸ˜ ,ğŸ’¢,ğŸ¤¬,augmented,2026-01-09T05:27:58.571912,0.95,synonym
tháº­t Ä‘Ã¡ng!,anger,4,ğŸ˜ ,ğŸ’¢,ğŸ¤¬,augmented,2026-01-09T05:27:58.571912,0.95,synonym
ghÃª Ä‘Ã¡ng!,anger,4,ğŸ˜ ,ğŸ’¢,ğŸ¤¬,augmented,2026-01-09T05:27:58.571912,0.95,synonym
cá»±c Ä‘Ã¡ng!,anger,4,ğŸ˜ ,ğŸ’¢,ğŸ¤¬,augmented,2026-01-09T05:27:58.571912,0.95,synonym
cá»±c Ä‘Ã¡ng!,anger,4,ğŸ˜ ,ğŸ’¢,ğŸ¤¬,augmented,2026-01-09T05:27:58.571912,0.95,synonym
láº¯m Ä‘Ã¡ng!,anger,4,ğŸ˜ ,ğŸ’¢,ğŸ¤¬,augmented,2026-01-09T05:27:58.571912,0.95,synonym
ghÃª Ä‘Ã¡ng!,anger,4,ğŸ˜ ,ğŸ’¢,ğŸ¤¬,augmented,2026-01-09T05:27:58.571912,0.95,synonym
láº¯m Ä‘Ã¡ng!,anger,4,ğŸ˜ ,ğŸ’¢,ğŸ¤¬,augmented,2026-01-09T05:27:58.571912,0.95,synonym
cá»±c Ä‘Ã¡ng!,anger,4,ğŸ˜ ,ğŸ’¢,ğŸ¤¬,augmented,2026-01-09T05:27:58.571912,0.95,synonym
tháº­t Ä‘Ã¡ng!,anger,4,ğŸ˜ ,ğŸ’¢,ğŸ¤¬,augmented,2026-01-09T05:27:58.571912,0.95,synonym
QuÃ¡ ráº¥t Ä‘Ã¡ng!,anger,5,ğŸ˜ ,ğŸ’¢,ğŸ¤¬,augmented,2026-01-09T05:27:58.571912,0.9,intensity
GhÃ©t cay ghÃ©t Ä‘áº¯ng!,anger,5,ğŸ¤¬,ğŸ’¢,ğŸ˜¡,manual,2026-01-09T05:27:58.571914,1.0,original
GhÃ©t cay cÄƒm ghÃ©t Ä‘áº¯ng!,anger,5,ğŸ¤¬,ğŸ’¢,ğŸ˜¡,augmented,2026-01-09T05:27:58.571914,0.95,synonym
chÃ¡n ghÃ©t cay ghÃ©t Ä‘áº¯ng!,anger,5,ğŸ¤¬,ğŸ’¢,ğŸ˜¡,augmented,2026-01-09T05:27:58.571914,0.95,synonym
chÃ¡n ghÃ©t cay ghÃ©t Ä‘áº¯ng!,anger,5,ğŸ¤¬,ğŸ’¢,ğŸ˜¡,augmented,2026-01-09T05:27:58.571914,0.95,synonym
cÄƒm ghÃ©t cay ghÃ©t Ä‘áº¯ng!,anger,5,ğŸ¤¬,ğŸ’¢,ğŸ˜¡,augmented,2026-01-09T05:27:58.571914,0.95,synonym
GhÃ©t cay ghÃª tá»Ÿm Ä‘áº¯ng!,anger,5,ğŸ¤¬,ğŸ’¢,ğŸ˜¡,augmented,2026-01-09T05:27:58.571914,0.95,synonym
chÃ¡n ghÃ©t cay ghÃ©t Ä‘áº¯ng!,anger,5,ğŸ¤¬,ğŸ’¢,ğŸ˜¡,augmented,2026-01-09T05:27:58.571914,0.95,synonym
GhÃ©t cay cÄƒm ghÃ©t Ä‘áº¯ng!,anger,5,ğŸ¤¬,ğŸ’¢,ğŸ˜¡,augmented,2026-01-09T05:27:58.571914,0.95,synonym
GhÃ©t cay chÃ¡n ghÃ©t Ä‘áº¯ng!,anger,5,ğŸ¤¬,ğŸ’¢,ğŸ˜¡,augmented,2026-01-09T05:27:58.571914,0.95,synonym
GhÃ©t cay cÄƒm ghÃ©t Ä‘áº¯ng!,anger,5,ğŸ¤¬,ğŸ’¢,ğŸ˜¡,augmented,2026-01-09T05:27:58.571914,0.95,synonym
GhÃ©t cay ghÃª tá»Ÿm Ä‘áº¯ng!,anger,5,ğŸ¤¬,ğŸ’¢,ğŸ˜¡,augmented,2026-01-09T05:27:58.571914,0.95,synonym
ÄiÃªn tiáº¿t lÃªn Ä‘Æ°á»£c!,anger,5,ğŸ¤¬,ğŸ’¢,ğŸ˜¤,manual,2026-01-09T05:27:58.571916,1.0,original
MÃ y lÃ m gÃ¬ váº­y!,anger,4,ğŸ˜ ,ğŸ’¢,ğŸ˜¤,manual,2026-01-09T05:27:58.571918,1.0,original
MÃ y ráº¥t lÃ m gÃ¬ váº­y!,anger,5,ğŸ˜ ,ğŸ’¢,ğŸ˜¤,augmented,2026-01-09T05:27:58.571918,0.9,intensity
KhÃ³ chá»‹u quÃ¡!,anger,3,ğŸ˜’,ğŸ˜¤,ğŸ’¢,manual,2026-01-09T05:27:58.571919,1.0,original
KhÃ³ ráº¥t chá»‹u quÃ¡!,anger,4,ğŸ˜’,ğŸ˜¤,ğŸ’¢,augmented,2026-01-09T05:27:58.571919,0.9,intensity
Sá»‘t ruá»™t quÃ¡!,anger,3,ğŸ˜¤,â°,ğŸ˜ ,manual,2026-01-09T05:27:58.571921,1.0,original
Sá»‘t ráº¥t ruá»™t quÃ¡!,anger,4,ğŸ˜¤,â°,ğŸ˜ ,augmented,2026-01-09T05:27:58.571921,0.9,intensity
Sá»£ quÃ¡!,fear,5,ğŸ˜¨,ğŸ˜±,ğŸ˜°,manual,2026-01-09T05:27:58.571923,1.0,original
hoáº£ng sá»£ quÃ¡!,fear,5,ğŸ˜¨,ğŸ˜±,ğŸ˜°,augmented,2026-01-09T05:27:58.571923,0.95,synonym
hoáº£ng sá»£ quÃ¡!,fear,5,ğŸ˜¨,ğŸ˜±,ğŸ˜°,augmented,2026-01-09T05:27:58.571923,0.95,synonym
lo sá»£ quÃ¡!,fear,5,ğŸ˜¨,ğŸ˜±,ğŸ˜°,augmented,2026-01-09T05:27:58.571923,0.95,synonym
kinh sá»£ quÃ¡!,fear,5,ğŸ˜¨,ğŸ˜±,ğŸ˜°,augmented,2026-01-09T05:27:58.571923,0.95,synonym
kinh sá»£ quÃ¡!,fear,5,ğŸ˜¨,ğŸ˜±,ğŸ˜°,augmented,2026-01-09T05:27:58.571923,0.95,synonym
kinh sá»£ quÃ¡!,fear,5,ğŸ˜¨,ğŸ˜±,ğŸ˜°,augmented,2026-01-09T05:27:58.571923,0.95,synonym
hoáº£ng sá»£ quÃ¡!,fear,5,ğŸ˜¨,ğŸ˜±,ğŸ˜°,augmented,2026-01-09T05:27:58.571923,0.95,synonym
hoáº£ng sá»£ quÃ¡!,fear,5,ğŸ˜¨,ğŸ˜±,ğŸ˜°,augmented,2026-01-09T05:27:58.571923,0.95,synonym
kinh sá»£ quÃ¡!,fear,5,ğŸ˜¨,ğŸ˜±,ğŸ˜°,augmented,2026-01-09T05:27:58.571923,0.95,synonym
hoáº£ng sá»£ quÃ¡!,fear,5,ğŸ˜¨,ğŸ˜±,ğŸ˜°,augmented,2026-01-09T05:27:58.571923,0.95,synonym
Lo láº¯ng quÃ¡!,fear,4,ğŸ˜°,ğŸ˜Ÿ,ğŸ¥º,manual,2026-01-09T05:27:58.571924,1.0,original
bá»“n chá»“n láº¯ng quÃ¡!,fear,4,ğŸ˜°,ğŸ˜Ÿ,ğŸ¥º,augmented,2026-01-09T05:27:58.571924,0.95,synonym
lo Ã¢u láº¯ng quÃ¡!,fear,4,ğŸ˜°,ğŸ˜Ÿ,ğŸ¥º,augmented,2026-01-09T05:27:58.571924,0.95,synonym
lo Ã¢u láº¯ng quÃ¡!,fear,4,ğŸ˜°,ğŸ˜Ÿ,ğŸ¥º,augmented,2026-01-09T05:27:58.571924,0.95,synonym
lo láº¯ng láº¯ng quÃ¡!,fear,4,ğŸ˜°,ğŸ˜Ÿ,ğŸ¥º,augmented,2026-01-09T05:27:58.571924,0.95,synonym
lo láº¯ng láº¯ng quÃ¡!,fear,4,ğŸ˜°,ğŸ˜Ÿ,ğŸ¥º,augmented,2026-01-09T05:27:58.571924,0.95,synonym
lo láº¯ng láº¯ng quÃ¡!,fear,4,ğŸ˜°,ğŸ˜Ÿ,ğŸ¥º,augmented,2026-01-09T05:27:58.571924,0.95,synonym
lo láº¯ng láº¯ng quÃ¡!,fear,4,ğŸ˜°,ğŸ˜Ÿ,ğŸ¥º,augmented,2026-01-09T05:27:58.571924,0.95,synonym
lo láº¯ng láº¯ng quÃ¡!,fear,4,ğŸ˜°,ğŸ˜Ÿ,ğŸ¥º,augmented,2026-01-09T05:27:58.571924,0.95,synonym
lo Ã¢u láº¯ng quÃ¡!,fear,4,ğŸ˜°,ğŸ˜Ÿ,ğŸ¥º,augmented,2026-01-09T05:27:58.571924,0.95,synonym
lo Ã¢u láº¯ng quÃ¡!,fear,4,ğŸ˜°,ğŸ˜Ÿ,ğŸ¥º,augmented,2026-01-09T05:27:58.571924,0.95,synonym
Lo ráº¥t láº¯ng quÃ¡!,fear,5,ğŸ˜°,ğŸ˜Ÿ,ğŸ¥º,augmented,2026-01-09T05:27:58.571924,0.9,intensity
CÄƒng tháº³ng quÃ¡!,fear,4,ğŸ˜°,ğŸ˜¬,ğŸ’¦,manual,2026-01-09T05:27:58.571926,1.0,original
CÄƒng ráº¥t tháº³ng quÃ¡!,fear,5,ğŸ˜°,ğŸ˜¬,ğŸ’¦,augmented,2026-01-09T05:27:58.571926,0.9,intensity
KhÃ´ng dÃ¡m Ä‘Ã¢u!,fear,3,ğŸ˜¨,ğŸ™ˆ,ğŸ˜°,manual,2026-01-09T05:27:58.571928,1.0,original
KhÃ´ng ráº¥t dÃ¡m Ä‘Ã¢u!,fear,4,ğŸ˜¨,ğŸ™ˆ,ğŸ˜°,augmented,2026-01-09T05:27:58.571928,0.9,intensity
Run háº¿t cáº£ ngÆ°á»i!,fear,5,ğŸ˜±,ğŸ˜¨,ğŸ’€,manual,2026-01-09T05:27:58.571929,1.0,original
Há»“i há»™p quÃ¡!,fear,3,ğŸ˜¬,ğŸ’“,ğŸ˜°,manual,2026-01-09T05:27:58.571931,1.0,original
Há»“i ráº¥t há»™p quÃ¡!,fear,4,ğŸ˜¬,ğŸ’“,ğŸ˜°,augmented,2026-01-09T05:27:58.571931,0.9,intensity
Mai thi rá»“i!,fear,4,ğŸ˜°,ğŸ“š,ğŸ˜±,manual,2026-01-09T05:27:58.571932,1.0,original
Mai ráº¥t thi rá»“i!,fear,5,ğŸ˜°,ğŸ“š,ğŸ˜±,augmented,2026-01-09T05:27:58.571932,0.9,intensity
ÄÃ¡ng sá»£ tháº­t!,fear,4,ğŸ˜±,ğŸ˜¨,ğŸ‘»,manual,2026-01-09T05:27:58.571988,1.0,original
ÄÃ¡ng kinh sá»£ tháº­t!,fear,4,ğŸ˜±,ğŸ˜¨,ğŸ‘»,augmented,2026-01-09T05:27:58.571988,0.95,synonym
ÄÃ¡ng hoáº£ng sá»£ tháº­t!,fear,4,ğŸ˜±,ğŸ˜¨,ğŸ‘»,augmented,2026-01-09T05:27:58.571988,0.95,synonym
ÄÃ¡ng kinh sá»£ tháº­t!,fear,4,ğŸ˜±,ğŸ˜¨,ğŸ‘»,augmented,2026-01-09T05:27:58.571988,0.95,synonym
ÄÃ¡ng hoáº£ng sá»£ tháº­t!,fear,4,ğŸ˜±,ğŸ˜¨,ğŸ‘»,augmented,2026-01-09T05:27:58.571988,0.95,synonym
ÄÃ¡ng kinh sá»£ tháº­t!,fear,4,ğŸ˜±,ğŸ˜¨,ğŸ‘»,augmented,2026-01-09T05:27:58.571988,0.95,synonym
ÄÃ¡ng kinh sá»£ tháº­t!,fear,4,ğŸ˜±,ğŸ˜¨,ğŸ‘»,augmented,2026-01-09T05:27:58.571988,0.95,synonym
ÄÃ¡ng lo sá»£ tháº­t!,fear,4,ğŸ˜±,ğŸ˜¨,ğŸ‘»,augmented,2026-01-09T05:27:58.571988,0.95,synonym
ÄÃ¡ng hoáº£ng sá»£ tháº­t!,fear,4,ğŸ˜±,ğŸ˜¨,ğŸ‘»,augmented,2026-01-09T05:27:58.571988,0.95,synonym
ÄÃ¡ng lo sá»£ tháº­t!,fear,4,ğŸ˜±,ğŸ˜¨,ğŸ‘»,augmented,2026-01-09T05:27:58.571988,0.95,synonym
ÄÃ¡ng kinh sá»£ tháº­t!,fear,4,ğŸ˜±,ğŸ˜¨,ğŸ‘»,augmented,2026-01-09T05:27:58.571988,0.95,synonym
ÄÃ¡ng ráº¥t sá»£ tháº­t!,fear,5,ğŸ˜±,ğŸ˜¨,ğŸ‘»,augmented,2026-01-09T05:27:58.571988,0.9,intensity
Hoang mang quÃ¡!,fear,4,ğŸ˜°,ğŸ˜Ÿ,â“,manual,2026-01-09T05:27:58.571991,1.0,original
Hoang ráº¥t mang quÃ¡!,fear,5,ğŸ˜°,ğŸ˜Ÿ,â“,augmented,2026-01-09T05:27:58.571991,0.9,intensity
KhÃ´ng biáº¿t sao!,fear,3,ğŸ˜°,ğŸ¤”,ğŸ˜Ÿ,manual,2026-01-09T05:27:58.571992,1.0,original
KhÃ´ng ráº¥t biáº¿t sao!,fear,4,ğŸ˜°,ğŸ¤”,ğŸ˜Ÿ,augmented,2026-01-09T05:27:58.571992,0.9,intensity
Tháº­t sao!,surprise,4,ğŸ˜®,ğŸ˜²,ğŸ¤¯,manual,2026-01-09T05:27:58.571994,1.0,original
Tháº­t ráº¥t sao!,surprise,5,ğŸ˜®,ğŸ˜²,ğŸ¤¯,augmented,2026-01-09T05:27:58.571994,0.9,intensity
KhÃ´ng tin Ä‘Æ°á»£c!,surprise,5,ğŸ˜±,ğŸ¤¯,ğŸ˜®,manual,2026-01-09T05:27:58.571996,1.0,original
KhÃ´ng tin cáº­y Ä‘Æ°á»£c!,surprise,5,ğŸ˜±,ğŸ¤¯,ğŸ˜®,augmented,2026-01-09T05:27:58.571996,0.95,synonym
KhÃ´ng tÆ°á»Ÿng Ä‘Æ°á»£c!,surprise,5,ğŸ˜±,ğŸ¤¯,ğŸ˜®,augmented,2026-01-09T05:27:58.571996,0.95,synonym
KhÃ´ng tÆ°á»Ÿng Ä‘Æ°á»£c!,surprise,5,ğŸ˜±,ğŸ¤¯,ğŸ˜®,augmented,2026-01-09T05:27:58.571996,0.95,synonym
KhÃ´ng tin tÆ°á»Ÿng Ä‘Æ°á»£c!,surprise,5,ğŸ˜±,ğŸ¤¯,ğŸ˜®,augmented,2026-01-09T05:27:58.571996,0.95,synonym
KhÃ´ng tÆ°á»Ÿng Ä‘Æ°á»£c!,surprise,5,ğŸ˜±,ğŸ¤¯,ğŸ˜®,augmented,2026-01-09T05:27:58.571996,0.95,synonym
KhÃ´ng tin tÆ°á»Ÿng Ä‘Æ°á»£c!,surprise,5,ğŸ˜±,ğŸ¤¯,ğŸ˜®,augmented,2026-01-09T05:27:58.571996,0.95,synonym
KhÃ´ng tÆ°á»Ÿng Ä‘Æ°á»£c!,surprise,5,ğŸ˜±,ğŸ¤¯,ğŸ˜®,augmented,2026-01-09T05:27:58.571996,0.95,synonym
KhÃ´ng tÆ°á»Ÿng Ä‘Æ°á»£c!,surprise,5,ğŸ˜±,ğŸ¤¯,ğŸ˜®,augmented,2026-01-09T05:27:58.571996,0.95,synonym
KhÃ´ng tin tÆ°á»Ÿng Ä‘Æ°á»£c!,surprise,5,ğŸ˜±,ğŸ¤¯,ğŸ˜®,augmented,2026-01-09T05:27:58.571996,0.95,synonym
KhÃ´ng tÆ°á»Ÿng Ä‘Æ°á»£c!,surprise,5,ğŸ˜±,ğŸ¤¯,ğŸ˜®,augmented,2026-01-09T05:27:58.571996,0.95,synonym
Æ  kÃ¬a!,surprise,3,ğŸ˜®,â“,ğŸ˜¯,manual,2026-01-09T05:27:58.571997,1.0,original
Æ  ráº¥t kÃ¬a!,surprise,4,ğŸ˜®,â“,ğŸ˜¯,augmented,2026-01-09T05:27:58.571997,0.9,intensity
Báº¥t ngá» quÃ¡!,surprise,5,ğŸ¤¯,ğŸ˜²,ğŸ‰,manual,2026-01-09T05:27:58.571999,1.0,original
Wow!,surprise,4,ğŸ¤©,ğŸ˜®,âœ¨,manual,2026-01-09T05:27:58.572001,1.0,original
Trá»i Æ¡i!,surprise,4,ğŸ˜±,ğŸ˜®,ğŸ™€,manual,2026-01-09T05:27:58.572002,1.0,original
Trá»i ráº¥t Æ¡i!,surprise,5,ğŸ˜±,ğŸ˜®,ğŸ™€,augmented,2026-01-09T05:27:58.572002,0.9,intensity
KhÃ´ng ngá»!,surprise,4,ğŸ˜²,ğŸ˜®,ğŸ¤¯,manual,2026-01-09T05:27:58.572004,1.0,original
KhÃ´ng ráº¥t ngá»!,surprise,5,ğŸ˜²,ğŸ˜®,ğŸ¤¯,augmented,2026-01-09T05:27:58.572004,0.9,intensity
á»¦a!,surprise,3,ğŸ¤”,ğŸ˜®,â“,manual,2026-01-09T05:27:58.572005,1.0,original
GÃ¬ Ä‘Ã¢y!,surprise,3,ğŸ˜®,ğŸ¤”,â“,manual,2026-01-09T05:27:58.572007,1.0,original
GÃ¬ ráº¥t Ä‘Ã¢y!,surprise,4,ğŸ˜®,ğŸ¤”,â“,augmented,2026-01-09T05:27:58.572007,0.9,intensity
ÄÃ¹a Ã !,surprise,4,ğŸ˜²,ğŸ¤£,ğŸ˜®,manual,2026-01-09T05:27:58.572009,1.0,original
ÄÃ¹a ráº¥t Ã !,surprise,5,ğŸ˜²,ğŸ¤£,ğŸ˜®,augmented,2026-01-09T05:27:58.572009,0.9,intensity
GhÃª quÃ¡!,disgust,5,ğŸ¤¢,ğŸ¤®,ğŸ˜–,manual,2026-01-09T05:27:58.572011,1.0,original
dá»… sá»£ quÃ¡!,disgust,5,ğŸ¤¢,ğŸ¤®,ğŸ˜–,augmented,2026-01-09T05:27:58.572011,0.95,synonym
dá»… sá»£ quÃ¡!,disgust,5,ğŸ¤¢,ğŸ¤®,ğŸ˜–,augmented,2026-01-09T05:27:58.572011,0.95,synonym
kinh quÃ¡!,disgust,5,ğŸ¤¢,ğŸ¤®,ğŸ˜–,augmented,2026-01-09T05:27:58.572011,0.95,synonym
ghÃª tá»Ÿm quÃ¡!,disgust,5,ğŸ¤¢,ğŸ¤®,ğŸ˜–,augmented,2026-01-09T05:27:58.572011,0.95,synonym
ghÃª tá»Ÿm quÃ¡!,disgust,5,ğŸ¤¢,ğŸ¤®,ğŸ˜–,augmented,2026-01-09T05:27:58.572011,0.95,synonym
ghÃª tá»Ÿm quÃ¡!,disgust,5,ğŸ¤¢,ğŸ¤®,ğŸ˜–,augmented,2026-01-09T05:27:58.572011,0.95,synonym
dá»… sá»£ quÃ¡!,disgust,5,ğŸ¤¢,ğŸ¤®,ğŸ˜–,augmented,2026-01-09T05:27:58.572011,0.95,synonym
dá»… sá»£ quÃ¡!,disgust,5,ğŸ¤¢,ğŸ¤®,ğŸ˜–,augmented,2026-01-09T05:27:58.572011,0.95,synonym
kinh quÃ¡!,disgust,5,ğŸ¤¢,ğŸ¤®,ğŸ˜–,augmented,2026-01-09T05:27:58.572011,0.95,synonym
ghÃª tá»Ÿm quÃ¡!,disgust,5,ğŸ¤¢,ğŸ¤®,ğŸ˜–,augmented,2026-01-09T05:27:58.572011,0.95,synonym
Kinh dá»‹!,disgust,4,ğŸ˜±,ğŸ¤¢,ğŸ‘,manual,2026-01-09T05:27:58.572013,1.0,original
khá»§ng khiáº¿p dá»‹!,disgust,4,ğŸ˜±,ğŸ¤¢,ğŸ‘,augmented,2026-01-09T05:27:58.572013,0.95,synonym
dá»… sá»£ dá»‹!,disgust,4,ğŸ˜±,ğŸ¤¢,ğŸ‘,augmented,2026-01-09T05:27:58.572013,0.95,synonym
dá»… sá»£ dá»‹!,disgust,4,ğŸ˜±,ğŸ¤¢,ğŸ‘,augmented,2026-01-09T05:27:58.572013,0.95,synonym
dá»… sá»£ dá»‹!,disgust,4,ğŸ˜±,ğŸ¤¢,ğŸ‘,augmented,2026-01-09T05:27:58.572013,0.95,synonym
ghÃª dá»‹!,disgust,4,ğŸ˜±,ğŸ¤¢,ğŸ‘,augmented,2026-01-09T05:27:58.572013,0.95,synonym
khá»§ng khiáº¿p dá»‹!,disgust,4,ğŸ˜±,ğŸ¤¢,ğŸ‘,augmented,2026-01-09T05:27:58.572013,0.95,synonym
ghÃª dá»‹!,disgust,4,ğŸ˜±,ğŸ¤¢,ğŸ‘,augmented,2026-01-09T05:27:58.572013,0.95,synonym
dá»… sá»£ dá»‹!,disgust,4,ğŸ˜±,ğŸ¤¢,ğŸ‘,augmented,2026-01-09T05:27:58.572013,0.95,synonym
ghÃª dá»‹!,disgust,4,ğŸ˜±,ğŸ¤¢,ğŸ‘,augmented,2026-01-09T05:27:58.572013,0.95,synonym
dá»… sá»£ dá»‹!,disgust,4,ğŸ˜±,ğŸ¤¢,ğŸ‘,augmented,2026-01-09T05:27:58.572013,0.95,synonym
Kinh ráº¥t dá»‹!,disgust,5,ğŸ˜±,ğŸ¤¢,ğŸ‘,augmented,2026-01-09T05:27:58.572013,0.9,intensity
KhÃ´ng chá»‹u Ä‘Æ°á»£c!,disgust,4,ğŸ¤®,ğŸ˜–,âŒ,manual,2026-01-09T05:27:58.572015,1.0,original
KhÃ´ng ráº¥t chá»‹u Ä‘Æ°á»£c!,disgust,5,ğŸ¤®,ğŸ˜–,âŒ,augmented,2026-01-09T05:27:58.572015,0.9,intensity
DÆ¡ báº©n quÃ¡!,disgust,4,ğŸ¤¢,ğŸ˜·,ğŸš«,manual,2026-01-09T05:27:58.572016,1.0,original
DÆ¡ ráº¥t báº©n quÃ¡!,disgust,5,ğŸ¤¢,ğŸ˜·,ğŸš«,augmented,2026-01-09T05:27:58.572016,0.9,intensity
Ká»³ quÃ¡!,disgust,3,ğŸ˜’,ğŸ™„,ğŸ˜•,manual,2026-01-09T05:27:58.572018,1.0,original
Ká»³ ráº¥t quÃ¡!,disgust,4,ğŸ˜’,ğŸ™„,ğŸ˜•,augmented,2026-01-09T05:27:58.572018,0.9,intensity
á»šn láº¡nh!,disgust,4,ğŸ˜–,ğŸ¤¢,ğŸ˜¬,manual,2026-01-09T05:27:58.572020,1.0,original
á»šn ráº¥t láº¡nh!,disgust,5,ğŸ˜–,ğŸ¤¢,ğŸ˜¬,augmented,2026-01-09T05:27:58.572020,0.9,intensity
KhÃ´ng thÃ­ch!,disgust,3,ğŸ‘,ğŸ˜•,âŒ,manual,2026-01-09T05:27:58.572021,1.0,original
KhÃ´ng ráº¥t thÃ­ch!,disgust,4,ğŸ‘,ğŸ˜•,âŒ,augmented,2026-01-09T05:27:58.572021,0.9,intensity
Tá»‡ quÃ¡!,disgust,4,ğŸ‘,ğŸ˜¤,ğŸ’”,manual,2026-01-09T05:27:58.572023,1.0,original
Tá»‡ ráº¥t quÃ¡!,disgust,5,ğŸ‘,ğŸ˜¤,ğŸ’”,augmented,2026-01-09T05:27:58.572023,0.9,intensity
Dá»Ÿ áº¹c!,disgust,3,ğŸ‘,ğŸ˜’,ğŸ™„,manual,2026-01-09T05:27:58.572024,1.0,original
Dá»Ÿ ráº¥t áº¹c!,disgust,4,ğŸ‘,ğŸ˜’,ğŸ™„,augmented,2026-01-09T05:27:58.572024,0.9,intensity
ChÃ¡n ngáº¥y!,disgust,4,ğŸ˜’,ğŸ™„,ğŸ˜¤,manual,2026-01-09T05:27:58.572026,1.0,original
nhÃ m ngáº¥y!,disgust,4,ğŸ˜’,ğŸ™„,ğŸ˜¤,augmented,2026-01-09T05:27:58.572026,0.95,synonym
nhÃ m ngáº¥y!,disgust,4,ğŸ˜’,ğŸ™„,ğŸ˜¤,augmented,2026-01-09T05:27:58.572026,0.95,synonym
táº» nháº¡t ngáº¥y!,disgust,4,ğŸ˜’,ğŸ™„,ğŸ˜¤,augmented,2026-01-09T05:27:58.572026,0.95,synonym
táº» nháº¡t ngáº¥y!,disgust,4,ğŸ˜’,ğŸ™„,ğŸ˜¤,augmented,2026-01-09T05:27:58.572026,0.95,synonym
táº» nháº¡t ngáº¥y!,disgust,4,ğŸ˜’,ğŸ™„,ğŸ˜¤,augmented,2026-01-09T05:27:58.572026,0.95,synonym
buá»“n chÃ¡n ngáº¥y!,disgust,4,ğŸ˜’,ğŸ™„,ğŸ˜¤,augmented,2026-01-09T05:27:58.572026,0.95,synonym
nhÃ m ngáº¥y!,disgust,4,ğŸ˜’,ğŸ™„,ğŸ˜¤,augmented,2026-01-09T05:27:58.572026,0.95,synonym
buá»“n chÃ¡n ngáº¥y!,disgust,4,ğŸ˜’,ğŸ™„,ğŸ˜¤,augmented,2026-01-09T05:27:58.572026,0.95,synonym
nhÃ m ngáº¥y!,disgust,4,ğŸ˜’,ğŸ™„,ğŸ˜¤,augmented,2026-01-09T05:27:58.572026,0.95,synonym
buá»“n chÃ¡n ngáº¥y!,disgust,4,ğŸ˜’,ğŸ™„,ğŸ˜¤,augmented,2026-01-09T05:27:58.572026,0.95,synonym
ChÃ¡n ráº¥t ngáº¥y!,disgust,5,ğŸ˜’,ğŸ™„,ğŸ˜¤,augmented,2026-01-09T05:27:58.572026,0.9,intensity
Tin báº¡n!,trust,4,ğŸ¤,ğŸ’ª,ğŸ‘,manual,2026-01-09T05:27:58.572028,1.0,original
tÆ°á»Ÿng báº¡n!,trust,4,ğŸ¤,ğŸ’ª,ğŸ‘,augmented,2026-01-09T05:27:58.572028,0.95,synonym
tin tÆ°á»Ÿng báº¡n!,trust,4,ğŸ¤,ğŸ’ª,ğŸ‘,augmented,2026-01-09T05:27:58.572028,0.95,synonym
tin cáº­y báº¡n!,trust,4,ğŸ¤,ğŸ’ª,ğŸ‘,augmented,2026-01-09T05:27:58.572028,0.95,synonym
tÆ°á»Ÿng báº¡n!,trust,4,ğŸ¤,ğŸ’ª,ğŸ‘,augmented,2026-01-09T05:27:58.572028,0.95,synonym
tin cáº­y báº¡n!,trust,4,ğŸ¤,ğŸ’ª,ğŸ‘,augmented,2026-01-09T05:27:58.572028,0.95,synonym
tin tÆ°á»Ÿng báº¡n!,trust,4,ğŸ¤,ğŸ’ª,ğŸ‘,augmented,2026-01-09T05:27:58.572028,0.95,synonym
tÆ°á»Ÿng báº¡n!,trust,4,ğŸ¤,ğŸ’ª,ğŸ‘,augmented,2026-01-09T05:27:58.572028,0.95,synonym
tin cáº­y báº¡n!,trust,4,ğŸ¤,ğŸ’ª,ğŸ‘,augmented,2026-01-09T05:27:58.572028,0.95,synonym
tÆ°á»Ÿng báº¡n!,trust,4,ğŸ¤,ğŸ’ª,ğŸ‘,augmented,2026-01-09T05:27:58.572028,0.95,synonym
tin tÆ°á»Ÿng báº¡n!,trust,4,ğŸ¤,ğŸ’ª,ğŸ‘,augmented,2026-01-09T05:27:58.572028,0.95,synonym
Tin ráº¥t báº¡n!,trust,5,ğŸ¤,ğŸ’ª,ğŸ‘,augmented,2026-01-09T05:27:58.572028,0.9,intensity
Cáº­u lÃ m Ä‘Æ°á»£c!,trust,4,ğŸ’ª,âœ¨,ğŸ‘,manual,2026-01-09T05:27:58.572029,1.0,original
Cáº­u ráº¥t lÃ m Ä‘Æ°á»£c!,trust,5,ğŸ’ª,âœ¨,ğŸ‘,augmented,2026-01-09T05:27:58.572029,0.9,intensity
MÃ¬nh á»§ng há»™!,trust,4,ğŸ‘,ğŸ’ª,ğŸ¤,manual,2026-01-09T05:27:58.572031,1.0,original
MÃ¬nh ráº¥t á»§ng há»™!,trust,5,ğŸ‘,ğŸ’ª,ğŸ¤,augmented,2026-01-09T05:27:58.572031,0.9,intensity
YÃªn tÃ¢m Ä‘i!,trust,4,ğŸ˜Œ,ğŸ¤—,ğŸ‘Œ,manual,2026-01-09T05:27:58.572033,1.0,original
YÃªn ráº¥t tÃ¢m Ä‘i!,trust,5,ğŸ˜Œ,ğŸ¤—,ğŸ‘Œ,augmented,2026-01-09T05:27:58.572033,0.9,intensity
ÄÃ¡ng tin cáº­y!,trust,4,ğŸ¤,âœ…,ğŸ’¯,manual,2026-01-09T05:27:58.572034,1.0,original
ÄÃ¡ng tÆ°á»Ÿng cáº­y!,trust,4,ğŸ¤,âœ…,ğŸ’¯,augmented,2026-01-09T05:27:58.572034,0.95,synonym
ÄÃ¡ng tin tÆ°á»Ÿng cáº­y!,trust,4,ğŸ¤,âœ…,ğŸ’¯,augmented,2026-01-09T05:27:58.572034,0.95,synonym
ÄÃ¡ng tin cáº­y cáº­y!,trust,4,ğŸ¤,âœ…,ğŸ’¯,augmented,2026-01-09T05:27:58.572034,0.95,synonym
ÄÃ¡ng tin cáº­y cáº­y!,trust,4,ğŸ¤,âœ…,ğŸ’¯,augmented,2026-01-09T05:27:58.572034,0.95,synonym
ÄÃ¡ng tin cáº­y cáº­y!,trust,4,ğŸ¤,âœ…,ğŸ’¯,augmented,2026-01-09T05:27:58.572034,0.95,synonym
ÄÃ¡ng tin tÆ°á»Ÿng cáº­y!,trust,4,ğŸ¤,âœ…,ğŸ’¯,augmented,2026-01-09T05:27:58.572034,0.95,synonym
ÄÃ¡ng tÆ°á»Ÿng cáº­y!,trust,4,ğŸ¤,âœ…,ğŸ’¯,augmented,2026-01-09T05:27:58.572034,0.95,synonym
ÄÃ¡ng tin tÆ°á»Ÿng cáº­y!,trust,4,ğŸ¤,âœ…,ğŸ’¯,augmented,2026-01-09T05:27:58.572034,0.95,synonym
ÄÃ¡ng tÆ°á»Ÿng cáº­y!,trust,4,ğŸ¤,âœ…,ğŸ’¯,augmented,2026-01-09T05:27:58.572034,0.95,synonym
ÄÃ¡ng tÆ°á»Ÿng cáº­y!,trust,4,ğŸ¤,âœ…,ğŸ’¯,augmented,2026-01-09T05:27:58.572034,0.95,synonym
ÄÃ¡ng ráº¥t tin cáº­y!,trust,5,ğŸ¤,âœ…,ğŸ’¯,augmented,2026-01-09T05:27:58.572034,0.9,intensity
CÃ¹ng nhau nhÃ©!,trust,4,ğŸ¤,ğŸ’ª,â¤ï¸,manual,2026-01-09T05:27:58.572036,1.0,original
CÃ¹ng ráº¥t nhau nhÃ©!,trust,5,ğŸ¤,ğŸ’ª,â¤ï¸,augmented,2026-01-09T05:27:58.572036,0.9,intensity
KhÃ´ng lo!,trust,3,ğŸ‘Œ,ğŸ˜Š,âœŒï¸,manual,2026-01-09T05:27:58.572038,1.0,original
KhÃ´ng ráº¥t lo!,trust,4,ğŸ‘Œ,ğŸ˜Š,âœŒï¸,augmented,2026-01-09T05:27:58.572038,0.9,intensity
Cháº¯c cháº¯n!,trust,5,âœ…,ğŸ’¯,ğŸ‘,manual,2026-01-09T05:27:58.572039,1.0,original
nháº¥t Ä‘á»‹nh cháº¯n!,trust,5,âœ…,ğŸ’¯,ğŸ‘,augmented,2026-01-09T05:27:58.572039,0.95,synonym
cháº¯c Äƒn cháº¯n!,trust,5,âœ…,ğŸ’¯,ğŸ‘,augmented,2026-01-09T05:27:58.572039,0.95,synonym
cháº¯c Äƒn cháº¯n!,trust,5,âœ…,ğŸ’¯,ğŸ‘,augmented,2026-01-09T05:27:58.572039,0.95,synonym
cháº¯c cháº¯n cháº¯n!,trust,5,âœ…,ğŸ’¯,ğŸ‘,augmented,2026-01-09T05:27:58.572039,0.95,synonym
cháº¯c cháº¯n cháº¯n!,trust,5,âœ…,ğŸ’¯,ğŸ‘,augmented,2026-01-09T05:27:58.572039,0.95,synonym
nháº¥t Ä‘á»‹nh cháº¯n!,trust,5,âœ…,ğŸ’¯,ğŸ‘,augmented,2026-01-09T05:27:58.572039,0.95,synonym
nháº¥t Ä‘á»‹nh cháº¯n!,trust,5,âœ…,ğŸ’¯,ğŸ‘,augmented,2026-01-09T05:27:58.572039,0.95,synonym
nháº¥t Ä‘á»‹nh cháº¯n!,trust,5,âœ…,ğŸ’¯,ğŸ‘,augmented,2026-01-09T05:27:58.572039,0.95,synonym
nháº¥t Ä‘á»‹nh cháº¯n!,trust,5,âœ…,ğŸ’¯,ğŸ‘,augmented,2026-01-09T05:27:58.572039,0.95,synonym
nháº¥t Ä‘á»‹nh cháº¯n!,trust,5,âœ…,ğŸ’¯,ğŸ‘,augmented,2026-01-09T05:27:58.572039,0.95,synonym
Báº¡n giá»i láº¯m!,trust,4,ğŸ‘,ğŸŒŸ,ğŸ’ª,manual,2026-01-09T05:27:58.572041,1.0,original
Báº¡n ráº¥t giá»i láº¯m!,trust,5,ğŸ‘,ğŸŒŸ,ğŸ’ª,augmented,2026-01-09T05:27:58.572041,0.9,intensity
Tuyá»‡t vá»i!,trust,4,ğŸ‘,âœ¨,ğŸ”¥,manual,2026-01-09T05:27:58.572043,1.0,original
Tuyá»‡t ráº¥t vá»i!,trust,5,ğŸ‘,âœ¨,ğŸ”¥,augmented,2026-01-09T05:27:58.572043,0.9,intensity
Mong chá» quÃ¡!,anticipation,4,ğŸ¤,ğŸ˜Š,âœ¨,manual,2026-01-09T05:27:58.572044,1.0,original
chá» Ä‘á»£i chá» quÃ¡!,anticipation,4,ğŸ¤,ğŸ˜Š,âœ¨,augmented,2026-01-09T05:27:58.572044,0.95,synonym
hy vá»ng chá» quÃ¡!,anticipation,4,ğŸ¤,ğŸ˜Š,âœ¨,augmented,2026-01-09T05:27:58.572044,0.95,synonym
Mong chá» Ä‘á»£i quÃ¡!,anticipation,4,ğŸ¤,ğŸ˜Š,âœ¨,augmented,2026-01-09T05:27:58.572044,0.95,synonym
Mong Ä‘á»£i chá» quÃ¡!,anticipation,4,ğŸ¤,ğŸ˜Š,âœ¨,augmented,2026-01-09T05:27:58.572044,0.95,synonym
Mong chá» Ä‘á»£i quÃ¡!,anticipation,4,ğŸ¤,ğŸ˜Š,âœ¨,augmented,2026-01-09T05:27:58.572044,0.95,synonym
chá» Ä‘á»£i chá» quÃ¡!,anticipation,4,ğŸ¤,ğŸ˜Š,âœ¨,augmented,2026-01-09T05:27:58.572044,0.95,synonym
Mong Ä‘á»£i chá» quÃ¡!,anticipation,4,ğŸ¤,ğŸ˜Š,âœ¨,augmented,2026-01-09T05:27:58.572044,0.95,synonym
hy vá»ng chá» quÃ¡!,anticipation,4,ğŸ¤,ğŸ˜Š,âœ¨,augmented,2026-01-09T05:27:58.572044,0.95,synonym
Mong chá» Ä‘á»£i quÃ¡!,anticipation,4,ğŸ¤,ğŸ˜Š,âœ¨,augmented,2026-01-09T05:27:58.572044,0.95,synonym
hy vá»ng chá» quÃ¡!,anticipation,4,ğŸ¤,ğŸ˜Š,âœ¨,augmented,2026-01-09T05:27:58.572044,0.95,synonym
Mong ráº¥t chá» quÃ¡!,anticipation,5,ğŸ¤,ğŸ˜Š,âœ¨,augmented,2026-01-09T05:27:58.572044,0.9,intensity
HÃ¡o há»©c quÃ¡!,anticipation,5,ğŸ¤©,ğŸ˜†,ğŸŠ,manual,2026-01-09T05:27:58.572046,1.0,original
KhÃ´ng Ä‘á»£i Ä‘Æ°á»£c ná»¯a!,anticipation,5,ğŸ˜†,ğŸ”¥,â°,manual,2026-01-09T05:27:58.572048,1.0,original
Sáº¯p Ä‘áº¿n rá»“i!,anticipation,4,ğŸ‰,â°,âœ¨,manual,2026-01-09T05:27:58.572050,1.0,original
Sáº¯p ráº¥t Ä‘áº¿n rá»“i!,anticipation,5,ğŸ‰,â°,âœ¨,augmented,2026-01-09T05:27:58.572050,0.9,intensity
Chá» Ä‘á»£i!,anticipation,3,â°,ğŸ¤,ğŸ˜Š,manual,2026-01-09T05:27:58.572052,1.0,original
trÃ´ng Ä‘á»£i Ä‘á»£i!,anticipation,3,â°,ğŸ¤,ğŸ˜Š,augmented,2026-01-09T05:27:58.572052,0.95,synonym
trÃ´ng Ä‘á»£i Ä‘á»£i!,anticipation,3,â°,ğŸ¤,ğŸ˜Š,augmented,2026-01-09T05:27:58.572052,0.95,synonym
trÃ´ng Ä‘á»£i Ä‘á»£i!,anticipation,3,â°,ğŸ¤,ğŸ˜Š,augmented,2026-01-09T05:27:58.572052,0.95,synonym
trÃ´ng Ä‘á»£i Ä‘á»£i!,anticipation,3,â°,ğŸ¤,ğŸ˜Š,augmented,2026-01-09T05:27:58.572052,0.95,synonym
Ä‘á»£i chá» Ä‘á»£i!,anticipation,3,â°,ğŸ¤,ğŸ˜Š,augmented,2026-01-09T05:27:58.572052,0.95,synonym
chá» Ä‘á»£i Ä‘á»£i!,anticipation,3,â°,ğŸ¤,ğŸ˜Š,augmented,2026-01-09T05:27:58.572052,0.95,synonym
chá» Ä‘á»£i Ä‘á»£i!,anticipation,3,â°,ğŸ¤,ğŸ˜Š,augmented,2026-01-09T05:27:58.572052,0.95,synonym
chá» Ä‘á»£i Ä‘á»£i!,anticipation,3,â°,ğŸ¤,ğŸ˜Š,augmented,2026-01-09T05:27:58.572052,0.95,synonym
chá» Ä‘á»£i Ä‘á»£i!,anticipation,3,â°,ğŸ¤,ğŸ˜Š,augmented,2026-01-09T05:27:58.572052,0.95,synonym
Ä‘á»£i chá» Ä‘á»£i!,anticipation,3,â°,ğŸ¤,ğŸ˜Š,augmented,2026-01-09T05:27:58.572052,0.95,synonym
Chá» ráº¥t Ä‘á»£i!,anticipation,4,â°,ğŸ¤,ğŸ˜Š,augmented,2026-01-09T05:27:58.572052,0.9,intensity
Hy vá»ng!,anticipation,4,ğŸ¤,âœ¨,ğŸ™,manual,2026-01-09T05:27:58.572054,1.0,original
Hy ráº¥t vá»ng!,anticipation,5,ğŸ¤,âœ¨,ğŸ™,augmented,2026-01-09T05:27:58.572054,0.9,intensity
Mai lÃ  sinh nháº­t!,anticipation,5,ğŸ‚,ğŸ‰,ğŸ¤©,manual,2026-01-09T05:27:58.572055,1.0,original
CÃ²n 3 ngÃ y ná»¯a!,anticipation,4,â³,ğŸ¤,ğŸ˜Š,manual,2026-01-09T05:27:58.572057,1.0,original
CÃ²n ráº¥t 3 ngÃ y ná»¯a!,anticipation,5,â³,ğŸ¤,ğŸ˜Š,augmented,2026-01-09T05:27:58.572057,0.9,intensity
Cuá»‘i tuáº§n rá»“i!,anticipation,4,ğŸ‰,ğŸ¥³,âœ¨,manual,2026-01-09T05:27:58.572058,1.0,original
Cuá»‘i ráº¥t tuáº§n rá»“i!,anticipation,5,ğŸ‰,ğŸ¥³,âœ¨,augmented,2026-01-09T05:27:58.572058,0.9,intensity
Sáº¯p nghá»‰ hÃ¨!,anticipation,5,ğŸ–ï¸,â˜€ï¸,ğŸ‰,manual,2026-01-09T05:27:58.572060,1.0,original
Tuyá»‡t quÃ¡!,joy,5,ğŸ¤©,ğŸ‰,âœ¨,manual,2026-01-09T05:27:58.572062,1.0,original
ÄÆ°á»£c thÆ°á»Ÿng rá»“i!,joy,5,ğŸ¤‘,ğŸ’°,ğŸŠ,manual,2026-01-09T05:27:58.572064,1.0,original
Má»«ng quÃ¡!,joy,4,ğŸ˜Š,ğŸ‰,ğŸ’•,manual,2026-01-09T05:27:58.572065,1.0,original
pháº¥n khá»Ÿi quÃ¡!,joy,4,ğŸ˜Š,ğŸ‰,ğŸ’•,augmented,2026-01-09T05:27:58.572065,0.95,synonym
pháº¥n khá»Ÿi quÃ¡!,joy,4,ğŸ˜Š,ğŸ‰,ğŸ’•,augmented,2026-01-09T05:27:58.572065,0.95,synonym
hÃ¢n hoan quÃ¡!,joy,4,ğŸ˜Š,ğŸ‰,ğŸ’•,augmented,2026-01-09T05:27:58.572065,0.95,synonym
vui má»«ng quÃ¡!,joy,4,ğŸ˜Š,ğŸ‰,ğŸ’•,augmented,2026-01-09T05:27:58.572065,0.95,synonym
vui má»«ng quÃ¡!,joy,4,ğŸ˜Š,ğŸ‰,ğŸ’•,augmented,2026-01-09T05:27:58.572065,0.95,synonym
vui má»«ng quÃ¡!,joy,4,ğŸ˜Š,ğŸ‰,ğŸ’•,augmented,2026-01-09T05:27:58.572065,0.95,synonym
hÃ¢n hoan quÃ¡!,joy,4,ğŸ˜Š,ğŸ‰,ğŸ’•,augmented,2026-01-09T05:27:58.572065,0.95,synonym
hÃ¢n hoan quÃ¡!,joy,4,ğŸ˜Š,ğŸ‰,ğŸ’•,augmented,2026-01-09T05:27:58.572065,0.95,synonym
vui má»«ng quÃ¡!,joy,4,ğŸ˜Š,ğŸ‰,ğŸ’•,augmented,2026-01-09T05:27:58.572065,0.95,synonym
hÃ¢n hoan quÃ¡!,joy,4,ğŸ˜Š,ğŸ‰,ğŸ’•,augmented,2026-01-09T05:27:58.572065,0.95,synonym
Má»«ng ráº¥t quÃ¡!,joy,5,ğŸ˜Š,ğŸ‰,ğŸ’•,augmented,2026-01-09T05:27:58.572065,0.9,intensity
Háº¡nh phÃºc láº¯m!,joy,5,ğŸ¥°,ğŸ˜Š,ğŸ’•,manual,2026-01-09T05:27:58.572067,1.0,original
Tháº¥t báº¡i rá»“i,sadness,4,ğŸ˜,ğŸ’”,ğŸ˜¢,manual,2026-01-09T05:27:58.572068,1.0,original
Tháº¥t ráº¥t báº¡i rá»“i,sadness,5,ğŸ˜,ğŸ’”,ğŸ˜¢,augmented,2026-01-09T05:27:58.572068,0.9,intensity
KhÃ´ng nhÆ° mong Ä‘á»£i,sadness,3,ğŸ˜”,ğŸ˜•,ğŸ˜,manual,2026-01-09T05:27:58.572070,1.0,original
KhÃ´ng nhÆ° hy vá»ng Ä‘á»£i,sadness,3,ğŸ˜”,ğŸ˜•,ğŸ˜,augmented,2026-01-09T05:27:58.572070,0.95,synonym
KhÃ´ng nhÆ° hy vá»ng Ä‘á»£i,sadness,3,ğŸ˜”,ğŸ˜•,ğŸ˜,augmented,2026-01-09T05:27:58.572070,0.95,synonym
KhÃ´ng nhÆ° hy vá»ng Ä‘á»£i,sadness,3,ğŸ˜”,ğŸ˜•,ğŸ˜,augmented,2026-01-09T05:27:58.572070,0.95,synonym
KhÃ´ng nhÆ° hy vá»ng Ä‘á»£i,sadness,3,ğŸ˜”,ğŸ˜•,ğŸ˜,augmented,2026-01-09T05:27:58.572070,0.95,synonym
KhÃ´ng nhÆ° chá» Ä‘á»£i Ä‘á»£i,sadness,3,ğŸ˜”,ğŸ˜•,ğŸ˜,augmented,2026-01-09T05:27:58.572070,0.95,synonym
KhÃ´ng nhÆ° mong Ä‘á»£i Ä‘á»£i,sadness,3,ğŸ˜”,ğŸ˜•,ğŸ˜,augmented,2026-01-09T05:27:58.572070,0.95,synonym
KhÃ´ng nhÆ° chá» Ä‘á»£i Ä‘á»£i,sadness,3,ğŸ˜”,ğŸ˜•,ğŸ˜,augmented,2026-01-09T05:27:58.572070,0.95,synonym
KhÃ´ng nhÆ° mong Ä‘á»£i Ä‘á»£i,sadness,3,ğŸ˜”,ğŸ˜•,ğŸ˜,augmented,2026-01-09T05:27:58.572070,0.95,synonym
KhÃ´ng nhÆ° hy vá»ng Ä‘á»£i,sadness,3,ğŸ˜”,ğŸ˜•,ğŸ˜,augmented,2026-01-09T05:27:58.572070,0.95,synonym
KhÃ´ng nhÆ° mong Ä‘á»£i Ä‘á»£i,sadness,3,ğŸ˜”,ğŸ˜•,ğŸ˜,augmented,2026-01-09T05:27:58.572070,0.95,synonym
KhÃ´ng ráº¥t nhÆ° mong Ä‘á»£i,sadness,4,ğŸ˜”,ğŸ˜•,ğŸ˜,augmented,2026-01-09T05:27:58.572070,0.9,intensity
Tan vá»¡ rá»“i,sadness,5,ğŸ’”,ğŸ˜­,ğŸ˜¢,manual,2026-01-09T05:27:58.572072,1.0,original
PhÃ¡t Ä‘iÃªn!,anger,5,ğŸ¤¬,ğŸ˜¡,ğŸ’¢,manual,2026-01-09T05:27:58.572073,1.0,original
KhÃ´ng thá»ƒ cháº¥p nháº­n!,anger,5,ğŸ˜¤,ğŸ’¢,ğŸ˜¡,manual,2026-01-09T05:27:58.572075,1.0,original
QuÃ¡ bá»±c!,anger,4,ğŸ˜ ,ğŸ’¢,ğŸ˜¤,manual,2026-01-09T05:27:58.572077,1.0,original
tháº­t bá»±c!,anger,4,ğŸ˜ ,ğŸ’¢,ğŸ˜¤,augmented,2026-01-09T05:27:58.572077,0.95,synonym
ghÃª bá»±c!,anger,4,ğŸ˜ ,ğŸ’¢,ğŸ˜¤,augmented,2026-01-09T05:27:58.572077,0.95,synonym
cá»±c bá»±c!,anger,4,ğŸ˜ ,ğŸ’¢,ğŸ˜¤,augmented,2026-01-09T05:27:58.572077,0.95,synonym
tháº­t bá»±c!,anger,4,ğŸ˜ ,ğŸ’¢,ğŸ˜¤,augmented,2026-01-09T05:27:58.572077,0.95,synonym
ghÃª bá»±c!,anger,4,ğŸ˜ ,ğŸ’¢,ğŸ˜¤,augmented,2026-01-09T05:27:58.572077,0.95,synonym
láº¯m bá»±c!,anger,4,ğŸ˜ ,ğŸ’¢,ğŸ˜¤,augmented,2026-01-09T05:27:58.572077,0.95,synonym
cá»±c bá»±c!,anger,4,ğŸ˜ ,ğŸ’¢,ğŸ˜¤,augmented,2026-01-09T05:27:58.572077,0.95,synonym
tháº­t bá»±c!,anger,4,ğŸ˜ ,ğŸ’¢,ğŸ˜¤,augmented,2026-01-09T05:27:58.572077,0.95,synonym
cá»±c bá»±c!,anger,4,ğŸ˜ ,ğŸ’¢,ğŸ˜¤,augmented,2026-01-09T05:27:58.572077,0.95,synonym
láº¯m bá»±c!,anger,4,ğŸ˜ ,ğŸ’¢,ğŸ˜¤,augmented,2026-01-09T05:27:58.572077,0.95,synonym
QuÃ¡ ráº¥t bá»±c!,anger,5,ğŸ˜ ,ğŸ’¢,ğŸ˜¤,augmented,2026-01-09T05:27:58.572077,0.9,intensity
Sá»£ cháº¿t Ä‘i Ä‘Æ°á»£c!,fear,5,ğŸ˜±,ğŸ˜¨,ğŸ’€,manual,2026-01-09T05:27:58.572079,1.0,original
kinh sá»£ cháº¿t Ä‘i Ä‘Æ°á»£c!,fear,5,ğŸ˜±,ğŸ˜¨,ğŸ’€,augmented,2026-01-09T05:27:58.572079,0.95,synonym
kinh sá»£ cháº¿t Ä‘i Ä‘Æ°á»£c!,fear,5,ğŸ˜±,ğŸ˜¨,ğŸ’€,augmented,2026-01-09T05:27:58.572079,0.95,synonym
hoáº£ng sá»£ cháº¿t Ä‘i Ä‘Æ°á»£c!,fear,5,ğŸ˜±,ğŸ˜¨,ğŸ’€,augmented,2026-01-09T05:27:58.572079,0.95,synonym
lo sá»£ cháº¿t Ä‘i Ä‘Æ°á»£c!,fear,5,ğŸ˜±,ğŸ˜¨,ğŸ’€,augmented,2026-01-09T05:27:58.572079,0.95,synonym
hoáº£ng sá»£ cháº¿t Ä‘i Ä‘Æ°á»£c!,fear,5,ğŸ˜±,ğŸ˜¨,ğŸ’€,augmented,2026-01-09T05:27:58.572079,0.95,synonym
kinh sá»£ cháº¿t Ä‘i Ä‘Æ°á»£c!,fear,5,ğŸ˜±,ğŸ˜¨,ğŸ’€,augmented,2026-01-09T05:27:58.572079,0.95,synonym
lo sá»£ cháº¿t Ä‘i Ä‘Æ°á»£c!,fear,5,ğŸ˜±,ğŸ˜¨,ğŸ’€,augmented,2026-01-09T05:27:58.572079,0.95,synonym
hoáº£ng sá»£ cháº¿t Ä‘i Ä‘Æ°á»£c!,fear,5,ğŸ˜±,ğŸ˜¨,ğŸ’€,augmented,2026-01-09T05:27:58.572079,0.95,synonym
kinh sá»£ cháº¿t Ä‘i Ä‘Æ°á»£c!,fear,5,ğŸ˜±,ğŸ˜¨,ğŸ’€,augmented,2026-01-09T05:27:58.572079,0.95,synonym
hoáº£ng sá»£ cháº¿t Ä‘i Ä‘Æ°á»£c!,fear,5,ğŸ˜±,ğŸ˜¨,ğŸ’€,augmented,2026-01-09T05:27:58.572079,0.95,synonym
Lo láº¯m!,fear,4,ğŸ˜°,ğŸ˜Ÿ,ğŸ’¦,manual,2026-01-09T05:27:58.572080,1.0,original
lo Ã¢u láº¯m!,fear,4,ğŸ˜°,ğŸ˜Ÿ,ğŸ’¦,augmented,2026-01-09T05:27:58.572080,0.95,synonym
bá»“n chá»“n láº¯m!,fear,4,ğŸ˜°,ğŸ˜Ÿ,ğŸ’¦,augmented,2026-01-09T05:27:58.572080,0.95,synonym
lo láº¯ng láº¯m!,fear,4,ğŸ˜°,ğŸ˜Ÿ,ğŸ’¦,augmented,2026-01-09T05:27:58.572080,0.95,synonym
lo láº¯ng láº¯m!,fear,4,ğŸ˜°,ğŸ˜Ÿ,ğŸ’¦,augmented,2026-01-09T05:27:58.572080,0.95,synonym
bá»“n chá»“n láº¯m!,fear,4,ğŸ˜°,ğŸ˜Ÿ,ğŸ’¦,augmented,2026-01-09T05:27:58.572080,0.95,synonym
lo Ã¢u láº¯m!,fear,4,ğŸ˜°,ğŸ˜Ÿ,ğŸ’¦,augmented,2026-01-09T05:27:58.572080,0.95,synonym
lo láº¯ng láº¯m!,fear,4,ğŸ˜°,ğŸ˜Ÿ,ğŸ’¦,augmented,2026-01-09T05:27:58.572080,0.95,synonym
lo Ã¢u láº¯m!,fear,4,ğŸ˜°,ğŸ˜Ÿ,ğŸ’¦,augmented,2026-01-09T05:27:58.572080,0.95,synonym
lo Ã¢u láº¯m!,fear,4,ğŸ˜°,ğŸ˜Ÿ,ğŸ’¦,augmented,2026-01-09T05:27:58.572080,0.95,synonym
bá»“n chá»“n láº¯m!,fear,4,ğŸ˜°,ğŸ˜Ÿ,ğŸ’¦,augmented,2026-01-09T05:27:58.572080,0.95,synonym
Lo ráº¥t láº¯m!,fear,5,ğŸ˜°,ğŸ˜Ÿ,ğŸ’¦,augmented,2026-01-09T05:27:58.572080,0.9,intensity
NghÄ© Ä‘áº¿n lÃ  sá»£!,fear,4,ğŸ˜¨,ğŸ˜°,ğŸ˜±,manual,2026-01-09T05:27:58.572082,1.0,original
NghÄ© ráº¥t Ä‘áº¿n lÃ  sá»£!,fear,5,ğŸ˜¨,ğŸ˜°,ğŸ˜±,augmented,2026-01-09T05:27:58.572082,0.9,intensity
KhÃ´ng thá»ƒ nÃ o!,surprise,5,ğŸ˜±,ğŸ¤¯,ğŸ˜®,manual,2026-01-09T05:27:58.572083,1.0,original
Tháº­t Ã¡!,surprise,4,ğŸ˜²,ğŸ˜®,ğŸ¤¯,manual,2026-01-09T05:27:58.572085,1.0,original
Tháº­t ráº¥t Ã¡!,surprise,5,ğŸ˜²,ğŸ˜®,ğŸ¤¯,augmented,2026-01-09T05:27:58.572085,0.9,intensity
NghiÃªm tÃºc khÃ´ng?,surprise,3,ğŸ˜®,ğŸ¤”,â“,manual,2026-01-09T05:27:58.572087,1.0,original
NghiÃªm ráº¥t tÃºc khÃ´ng?,surprise,4,ğŸ˜®,ğŸ¤”,â“,augmented,2026-01-09T05:27:58.572087,0.9,intensity
á»šn quÃ¡!,disgust,4,ğŸ¤¢,ğŸ˜–,ğŸ˜±,manual,2026-01-09T05:27:58.572088,1.0,original
á»šn ráº¥t quÃ¡!,disgust,5,ğŸ¤¢,ğŸ˜–,ğŸ˜±,augmented,2026-01-09T05:27:58.572088,0.9,intensity
KhÃ´ng Æ°a!,disgust,3,ğŸ˜’,ğŸ‘,ğŸ˜•,manual,2026-01-09T05:27:58.572090,1.0,original
KhÃ´ng ráº¥t Æ°a!,disgust,4,ğŸ˜’,ğŸ‘,ğŸ˜•,augmented,2026-01-09T05:27:58.572090,0.9,intensity
Kinh khá»§ng!,disgust,5,ğŸ˜±,ğŸ¤¢,ğŸ˜–,manual,2026-01-09T05:27:58.572092,1.0,original
ghÃª khá»§ng!,disgust,5,ğŸ˜±,ğŸ¤¢,ğŸ˜–,augmented,2026-01-09T05:27:58.572092,0.95,synonym
dá»… sá»£ khá»§ng!,disgust,5,ğŸ˜±,ğŸ¤¢,ğŸ˜–,augmented,2026-01-09T05:27:58.572092,0.95,synonym
khá»§ng khiáº¿p khá»§ng!,disgust,5,ğŸ˜±,ğŸ¤¢,ğŸ˜–,augmented,2026-01-09T05:27:58.572092,0.95,synonym
dá»… sá»£ khá»§ng!,disgust,5,ğŸ˜±,ğŸ¤¢,ğŸ˜–,augmented,2026-01-09T05:27:58.572092,0.95,synonym
khá»§ng khiáº¿p khá»§ng!,disgust,5,ğŸ˜±,ğŸ¤¢,ğŸ˜–,augmented,2026-01-09T05:27:58.572092,0.95,synonym
dá»… sá»£ khá»§ng!,disgust,5,ğŸ˜±,ğŸ¤¢,ğŸ˜–,augmented,2026-01-09T05:27:58.572092,0.95,synonym
ghÃª khá»§ng!,disgust,5,ğŸ˜±,ğŸ¤¢,ğŸ˜–,augmented,2026-01-09T05:27:58.572092,0.95,synonym
khá»§ng khiáº¿p khá»§ng!,disgust,5,ğŸ˜±,ğŸ¤¢,ğŸ˜–,augmented,2026-01-09T05:27:58.572092,0.95,synonym
ghÃª khá»§ng!,disgust,5,ğŸ˜±,ğŸ¤¢,ğŸ˜–,augmented,2026-01-09T05:27:58.572092,0.95,synonym
dá»… sá»£ khá»§ng!,disgust,5,ğŸ˜±,ğŸ¤¢,ğŸ˜–,augmented,2026-01-09T05:27:58.572092,0.95,synonym
Cáº­u lÃ m tá»‘t láº¯m!,trust,4,ğŸ‘,ğŸ’ª,ğŸ‘,manual,2026-01-09T05:27:58.572093,1.0,original
Cáº­u ráº¥t lÃ m tá»‘t láº¯m!,trust,5,ğŸ‘,ğŸ’ª,ğŸ‘,augmented,2026-01-09T05:27:58.572093,0.9,intensity
Tuyá»‡t vá»i láº¯m!,trust,5,ğŸ’¯,âœ¨,ğŸ‘,manual,2026-01-09T05:27:58.572095,1.0,original
Pháº¥n khá»Ÿi quÃ¡!,anticipation,5,ğŸ¤©,ğŸ˜†,ğŸ‰,manual,2026-01-09T05:27:58.572097,1.0,original
Sáº¯p tá»›i rá»“i!,anticipation,4,â°,ğŸ¤,âœ¨,manual,2026-01-09T05:27:58.572098,1.0,original
Sáº¯p ráº¥t tá»›i rá»“i!,anticipation,5,â°,ğŸ¤,âœ¨,augmented,2026-01-09T05:27:58.572098,0.9,intensity
